Date,Campaign_Type,Campaign_Name,Country,Device,Recipients,Delivered,Failed,Opened,Clicked,Bounce_Rate,Unsubscribed,Replies,Open_Rate,Click_Rate,Conversion_Rate,Revenue,ThruPlay_Rate
2025-10-10,Email,Email Campaign 2,UK,Mobile,3685,3286,399,1380,217,9.29,86,92,42.0,15.72,28.57,12373.61,5.89
2025-10-21,Email,Email Campaign 19,Germany,Desktop,4341,4086,255,1077,300,7.75,189,125,26.36,27.86,27.67,18062.58,6.91
2025-09-30,Email,Email Campaign 9,UK,Mobile,2502,2469,33,1309,449,5.09,85,28,53.02,34.3,26.5,43029.24,17.95
2025-09-09,WhatsApp,WhatsApp Campaign 12,USA,Desktop,4525,3971,554,2092,555,15.27,160,88,52.68,26.53,21.08,19938.5,12.27
2025-10-22,WhatsApp,WhatsApp Campaign 17,Australia,Desktop,2037,1949,88,679,162,5.36,35,31,34.84,23.86,12.35,8380.16,7.95
2025-10-26,WhatsApp,WhatsApp Campaign 12,India,Tablet,2695,2456,239,652,200,9.09,27,25,26.55,30.67,10.5,1833.53,7.42
2025-10-30,Email,Email Campaign 9,Germany,Mobile,4529,4160,369,1420,179,1.47,108,25,34.13,12.61,29.61,6762.84,3.95
2025-09-16,WhatsApp,WhatsApp Campaign 1,USA,Mobile,2997,2873,124,857,206,4.33,39,63,29.83,24.04,17.48,6056.61,6.87
2025-10-20,Email,Email Campaign 13,UK,Tablet,3458,3075,383,1075,302,10.23,33,43,34.96,28.09,25.83,5212.01,8.73
2025-08-21,Email,Email Campaign 19,USA,Desktop,4245,3814,431,831,321,6.73,123,114,21.79,38.63,19.0,3163.08,7.56
2025-10-28,Email,Email Campaign 15,India,Mobile,969,910,59,434,121,11.54,26,14,47.69,27.88,19.83,1617.93,12.49
2025-11-13,Email,Email Campaign 17,Germany,Mobile,4120,3835,285,2261,879,4.95,82,191,58.96,38.88,7.39,3690.09,21.33
2025-08-28,Email,Email Campaign 19,USA,Mobile,705,642,63,385,143,6.01,13,1,59.97,37.14,18.18,8753.85,20.28
2025-09-03,Email,Email Campaign 3,India,Tablet,1453,1280,173,598,133,10.6,38,4,46.72,22.24,8.27,1394.17,9.15
2025-09-01,Email,Email Campaign 15,Germany,Desktop,3180,3014,166,697,134,11.2,59,148,23.13,19.23,24.63,11889.48,4.21
2025-10-19,Email,Email Campaign 8,UK,Tablet,1501,1339,162,630,156,12.21,39,60,47.05,24.76,7.05,4976.16,10.39
2025-11-07,WhatsApp,WhatsApp Campaign 2,India,Tablet,4182,4039,143,855,173,3.99,162,109,21.17,20.23,27.75,18717.71,4.14
2025-09-05,WhatsApp,WhatsApp Campaign 10,USA,Tablet,4846,4769,77,2675,809,9.7,72,137,56.09,30.24,11.99,40090.87,16.69
2025-11-06,WhatsApp,WhatsApp Campaign 19,USA,Mobile,3716,3535,181,1506,253,2.03,161,37,42.6,16.8,24.51,11070.74,6.81
2025-09-02,Email,Email Campaign 15,USA,Mobile,4908,4342,566,1571,258,18.51,62,134,36.18,16.42,24.81,15105.57,5.26
2025-11-05,Email,Email Campaign 5,Germany,Desktop,4296,4014,282,1265,200,3.82,174,134,31.51,15.81,26.0,7997.84,4.66
2025-11-14,WhatsApp,WhatsApp Campaign 2,USA,Tablet,549,518,31,301,65,10.05,8,19,58.11,21.59,21.54,2798.55,11.84
2025-10-03,WhatsApp,WhatsApp Campaign 19,Germany,Desktop,3361,2915,446,932,272,17.13,108,97,31.97,29.18,6.25,6765.43,8.09
2025-10-17,Email,Email Campaign 13,Germany,Mobile,3100,2950,150,1691,518,12.87,40,138,57.32,30.63,5.6,2705.78,16.71
2025-10-10,WhatsApp,WhatsApp Campaign 13,Germany,Tablet,1917,1791,126,854,302,19.69,80,81,47.68,35.36,18.87,22693.45,15.75
2025-10-07,WhatsApp,WhatsApp Campaign 20,USA,Tablet,1441,1290,151,485,75,12.49,59,22,37.6,15.46,13.33,2007.87,5.2
2025-09-30,WhatsApp,WhatsApp Campaign 10,USA,Mobile,3623,3360,263,1694,602,2.6,92,45,50.42,35.54,17.44,8097.39,16.62
2025-09-21,Email,Email Campaign 12,India,Mobile,3501,3116,385,895,147,13.7,151,115,28.72,16.42,8.84,4282.45,4.2
2025-08-30,WhatsApp,WhatsApp Campaign 6,India,Mobile,2472,2231,241,748,257,4.06,43,107,33.53,34.36,29.18,9320.31,10.4
2025-09-01,WhatsApp,WhatsApp Campaign 20,Australia,Mobile,2948,2895,53,1140,212,13.43,29,89,39.38,18.6,8.49,8474.36,7.19
2025-10-19,Email,Email Campaign 12,India,Desktop,1572,1542,30,583,167,19.81,22,73,37.81,28.64,5.39,1727.01,10.62
2025-11-09,WhatsApp,WhatsApp Campaign 4,Germany,Tablet,1001,856,145,182,20,18.12,35,10,21.26,10.99,20.0,481.61,2.0
2025-09-23,WhatsApp,WhatsApp Campaign 19,Australia,Mobile,3110,2922,188,1196,137,6.23,78,118,40.93,11.45,18.98,4426.69,4.41
2025-10-07,Email,Email Campaign 17,USA,Tablet,1841,1592,249,930,350,11.69,50,10,58.42,37.63,28.57,9871.28,19.01
2025-10-19,Email,Email Campaign 10,UK,Tablet,1102,1021,81,544,205,17.51,17,38,53.28,37.68,9.27,1742.23,18.6
2025-11-10,Email,Email Campaign 11,UK,Mobile,3240,3178,62,1474,405,9.22,141,47,46.38,27.48,9.14,12184.2,12.5
2025-11-02,WhatsApp,WhatsApp Campaign 6,Germany,Mobile,4457,4177,280,1026,373,13.92,172,17,24.56,36.35,28.95,6440.85,8.37
2025-10-16,Email,Email Campaign 13,USA,Tablet,4364,4158,206,1352,446,18.87,89,47,32.52,32.99,27.58,22272.42,10.22
2025-08-27,Email,Email Campaign 18,Germany,Tablet,4043,3525,518,1439,388,9.23,59,111,40.82,26.96,6.96,6678.8,9.6
2025-08-28,WhatsApp,WhatsApp Campaign 16,UK,Tablet,4687,4197,490,2090,443,17.38,46,74,49.8,21.2,27.54,12951.88,9.45
2025-10-02,Email,Email Campaign 17,Germany,Mobile,1934,1890,44,813,205,11.05,63,47,43.02,25.22,15.12,13173.44,10.6
2025-08-28,Email,Email Campaign 2,India,Mobile,2738,2354,384,900,253,9.59,108,67,38.23,28.11,11.07,5480.81,9.24
2025-09-25,WhatsApp,WhatsApp Campaign 6,USA,Mobile,2401,2060,341,513,200,19.03,97,31,24.9,38.99,25.5,6863.49,8.33
2025-09-01,Email,Email Campaign 9,USA,Mobile,1423,1282,141,471,156,17.14,40,44,36.74,33.12,21.79,5846.41,10.96
2025-08-21,Email,Email Campaign 17,Australia,Tablet,1507,1461,46,757,143,1.28,34,20,51.81,18.89,28.67,17835.31,9.49
2025-11-11,WhatsApp,WhatsApp Campaign 7,India,Tablet,4269,4011,258,2028,282,14.27,88,125,50.56,13.91,22.34,21698.6,6.61
2025-09-09,Email,Email Campaign 12,Australia,Mobile,4085,3580,505,1687,448,4.83,126,74,47.12,26.56,28.57,12590.35,10.97
2025-10-25,Email,Email Campaign 4,Australia,Desktop,3926,3515,411,1600,453,6.11,55,102,45.52,28.31,13.91,8488.65,11.54
2025-09-21,WhatsApp,WhatsApp Campaign 7,India,Mobile,2376,2170,206,889,92,10.77,42,74,40.97,10.35,26.09,1646.78,3.87
2025-09-30,Email,Email Campaign 17,Germany,Tablet,566,553,13,260,61,5.71,23,19,47.02,23.46,26.23,7739.59,10.78
2025-08-28,WhatsApp,WhatsApp Campaign 4,Germany,Tablet,1830,1733,97,437,139,13.77,60,40,25.22,31.81,13.67,3503.56,7.6
2025-10-02,Email,Email Campaign 19,India,Tablet,2447,2268,179,1129,430,19.86,100,49,49.78,38.09,14.42,26951.81,17.57
2025-09-23,Email,Email Campaign 16,Australia,Tablet,1889,1700,189,493,172,11.91,77,19,29.0,34.89,26.16,11561.29,9.11
2025-09-24,Email,Email Campaign 2,Germany,Desktop,3141,2865,276,757,240,10.63,73,139,26.42,31.7,13.33,13878.67,7.64
2025-11-05,Email,Email Campaign 17,UK,Tablet,3538,3371,167,1723,582,3.26,47,2,51.11,33.78,12.03,29755.74,16.45
2025-10-11,WhatsApp,WhatsApp Campaign 19,UK,Desktop,2515,2184,331,693,99,8.01,62,64,31.73,14.29,17.17,1166.19,3.94
2025-08-31,Email,Email Campaign 5,Australia,Mobile,1260,1168,92,521,118,13.16,48,38,44.61,22.65,25.42,14060.6,9.37
2025-11-12,WhatsApp,WhatsApp Campaign 13,India,Mobile,2011,1817,194,888,168,11.59,75,44,48.87,18.92,12.5,10003.31,8.35
2025-09-27,WhatsApp,WhatsApp Campaign 19,Australia,Desktop,2926,2812,114,1564,253,12.17,89,92,55.62,16.18,15.42,19252.2,8.65
2025-11-12,Email,Email Campaign 8,India,Desktop,3395,3093,302,1577,517,7.19,103,84,50.99,32.78,7.35,5713.61,15.23
2025-10-01,Email,Email Campaign 11,India,Tablet,3509,3417,92,945,297,12.94,106,99,27.66,31.43,26.94,32707.09,8.46
2025-08-30,WhatsApp,WhatsApp Campaign 16,Australia,Tablet,2396,2054,342,1061,250,4.57,52,93,51.66,23.56,9.2,9839.67,10.43
2025-09-19,WhatsApp,WhatsApp Campaign 13,UK,Mobile,3091,2963,128,1718,390,13.59,53,102,57.98,22.7,15.13,21307.64,12.62
2025-10-01,Email,Email Campaign 15,Australia,Tablet,3228,2933,295,674,196,18.6,71,19,22.98,29.08,25.51,9307.59,6.07
2025-08-22,WhatsApp,WhatsApp Campaign 7,UK,Tablet,1811,1664,147,348,124,6.25,78,20,20.91,35.63,19.35,7406.51,6.85
2025-09-24,Email,Email Campaign 4,USA,Desktop,2102,2047,55,1113,122,14.98,81,28,54.37,10.96,23.77,3406.92,5.8
2025-11-05,WhatsApp,WhatsApp Campaign 8,India,Mobile,1800,1576,224,408,101,16.4,56,55,25.89,24.75,6.93,2964.27,5.61
2025-09-06,WhatsApp,WhatsApp Campaign 20,India,Mobile,3709,3491,218,1192,440,5.78,92,18,34.14,36.91,23.86,36473.25,11.86
2025-10-19,WhatsApp,WhatsApp Campaign 13,India,Mobile,1346,1262,84,486,53,11.92,24,42,38.51,10.91,15.09,3109.66,3.94
2025-09-23,Email,Email Campaign 12,Australia,Mobile,3155,2976,179,970,189,19.09,41,77,32.59,19.48,29.1,24368.26,5.99
2025-09-22,Email,Email Campaign 13,UK,Desktop,1657,1545,112,775,77,3.06,49,67,50.16,9.94,12.99,2735.48,4.65
2025-08-27,Email,Email Campaign 20,USA,Tablet,1158,1110,48,349,137,14.98,33,44,31.44,39.26,18.25,4522.04,11.83
2025-09-30,Email,Email Campaign 7,UK,Desktop,2869,2548,321,631,202,10.45,86,26,24.76,32.01,16.83,15567.57,7.04
2025-09-09,WhatsApp,WhatsApp Campaign 17,Germany,Mobile,2387,2355,32,1342,346,15.09,65,110,56.99,25.78,25.72,33273.64,14.5
2025-08-27,Email,Email Campaign 6,Germany,Mobile,3913,3553,360,966,110,12.33,121,98,27.19,11.39,22.73,2156.67,2.81
2025-11-11,Email,Email Campaign 12,Germany,Desktop,2927,2494,433,733,153,5.71,103,83,29.39,20.87,24.84,18237.53,5.23
2025-10-02,Email,Email Campaign 2,USA,Mobile,1156,1056,100,284,76,11.88,46,42,26.89,26.76,25.0,6199.67,6.57
2025-10-01,Email,Email Campaign 14,India,Mobile,3213,2910,303,1114,318,8.36,105,58,38.28,28.55,28.62,33312.67,9.9
2025-11-05,WhatsApp,WhatsApp Campaign 15,UK,Desktop,1202,1165,37,422,110,14.46,47,45,36.22,26.07,17.27,5857.91,9.15
2025-09-01,Email,Email Campaign 16,Australia,Desktop,4335,4035,300,1832,645,15.05,115,78,45.4,35.21,21.71,11237.56,14.88
2025-09-21,Email,Email Campaign 8,USA,Desktop,1615,1497,118,785,89,15.64,50,74,52.44,11.34,14.61,3892.47,5.51
2025-09-06,Email,Email Campaign 5,Germany,Desktop,1450,1390,60,401,58,16.65,67,6,28.85,14.46,8.62,2156.12,4.0
2025-09-30,Email,Email Campaign 7,USA,Tablet,4848,4149,699,2104,499,18.22,202,169,50.71,23.72,11.62,18557.93,10.29
2025-08-25,Email,Email Campaign 7,India,Mobile,1209,1161,48,236,88,9.22,33,6,20.33,37.29,9.09,2701.37,7.28
2025-09-30,WhatsApp,WhatsApp Campaign 12,UK,Desktop,3558,3433,125,1996,687,15.68,122,82,58.14,34.42,12.81,19617.55,19.31
2025-11-01,Email,Email Campaign 16,India,Desktop,3858,3359,499,1008,259,17.85,35,117,30.01,25.69,28.96,5371.63,6.71
2025-09-16,WhatsApp,WhatsApp Campaign 12,Australia,Tablet,2506,2258,248,618,75,15.67,39,45,27.37,12.14,17.33,4932.65,2.99
2025-08-22,WhatsApp,WhatsApp Campaign 7,Australia,Mobile,4591,4525,66,1124,221,7.62,149,44,24.84,19.66,4.98,5191.67,4.81
2025-10-06,Email,Email Campaign 2,UK,Mobile,2027,1725,302,575,63,3.14,41,47,33.33,10.96,20.63,6091.22,3.11
2025-08-29,WhatsApp,WhatsApp Campaign 6,Germany,Mobile,4930,4502,428,2053,274,3.82,197,108,45.6,13.35,22.99,7017.55,5.56
2025-11-01,Email,Email Campaign 12,Australia,Tablet,1017,939,78,387,113,5.93,25,16,41.21,29.2,27.43,13317.45,11.11
2025-10-27,WhatsApp,WhatsApp Campaign 4,India,Desktop,1999,1809,190,991,273,7.56,64,89,54.78,27.55,19.41,26199.04,13.66
2025-08-23,WhatsApp,WhatsApp Campaign 15,UK,Tablet,2442,2139,303,836,161,18.78,22,32,39.08,19.26,22.36,11623.09,6.59
2025-09-27,WhatsApp,WhatsApp Campaign 8,USA,Tablet,736,674,62,158,20,19.63,21,19,23.44,12.66,5.0,149.01,2.72
2025-09-25,Email,Email Campaign 8,UK,Desktop,3139,2872,267,1367,512,11.27,105,98,47.6,37.45,13.67,33220.54,16.31
2025-08-31,Email,Email Campaign 6,Germany,Mobile,1352,1312,40,636,116,6.72,21,53,48.48,18.24,25.86,3862.0,8.58
2025-09-09,WhatsApp,WhatsApp Campaign 14,Australia,Desktop,4475,3990,485,1339,467,6.89,185,154,33.56,34.88,15.42,25665.61,10.44
2025-11-02,Email,Email Campaign 7,India,Desktop,2944,2698,246,968,229,14.3,45,132,35.88,23.66,23.58,9920.95,7.78
2025-09-29,WhatsApp,WhatsApp Campaign 18,Germany,Desktop,2130,1856,274,965,288,4.54,51,43,51.99,29.84,5.21,5650.54,13.52
2025-10-31,Email,Email Campaign 7,UK,Mobile,3123,2681,442,1041,331,9.96,61,44,38.83,31.8,6.34,5282.7,10.6
2025-10-17,WhatsApp,WhatsApp Campaign 16,UK,Mobile,3619,3088,531,1138,234,12.09,79,136,36.85,20.56,5.56,935.52,6.47
2025-09-11,WhatsApp,WhatsApp Campaign 15,UK,Mobile,3822,3323,499,1780,611,6.25,98,52,53.57,34.33,25.37,33488.73,15.99
2025-09-05,Email,Email Campaign 19,Australia,Tablet,860,744,116,233,36,10.46,26,18,31.32,15.45,19.44,1670.34,4.19
2025-08-22,WhatsApp,WhatsApp Campaign 5,India,Mobile,3221,3050,171,1152,231,12.18,59,52,37.77,20.05,6.93,5426.42,7.17
2025-09-11,Email,Email Campaign 13,USA,Tablet,3498,2998,500,1454,535,8.7,59,70,48.5,36.8,21.68,20779.46,15.29
2025-10-06,Email,Email Campaign 8,Germany,Tablet,4661,4197,464,1748,572,7.09,122,73,41.65,32.72,6.82,10423.53,12.27
2025-10-17,Email,Email Campaign 7,Germany,Tablet,3847,3326,521,1554,187,9.07,121,47,46.72,12.03,11.23,3674.08,4.86
2025-09-30,WhatsApp,WhatsApp Campaign 6,Germany,Mobile,3296,3097,199,1652,385,16.31,71,123,53.34,23.31,12.21,7782.55,11.68
2025-11-12,Email,Email Campaign 11,Germany,Tablet,2185,1916,269,388,120,16.38,19,21,20.25,30.93,20.83,8507.97,5.49
2025-09-03,WhatsApp,WhatsApp Campaign 1,USA,Desktop,2041,1979,62,821,234,14.18,32,91,41.49,28.5,20.94,10180.8,11.46
2025-10-09,WhatsApp,WhatsApp Campaign 5,Australia,Mobile,1062,965,97,263,87,19.3,34,24,27.25,33.08,19.54,3386.8,8.19
2025-10-08,Email,Email Campaign 10,UK,Mobile,823,744,79,183,32,2.38,19,16,24.6,17.49,6.25,530.19,3.89
2025-11-03,WhatsApp,WhatsApp Campaign 8,Germany,Mobile,1474,1389,85,782,203,4.22,19,8,56.3,25.96,25.62,24302.94,13.77
2025-11-15,Email,Email Campaign 20,USA,Mobile,3397,3078,319,1142,316,15.49,46,139,37.1,27.67,21.52,31529.92,9.3
2025-10-09,WhatsApp,WhatsApp Campaign 9,Australia,Desktop,3833,3694,139,985,279,16.36,181,169,26.66,28.32,15.05,15547.58,7.28
2025-11-01,Email,Email Campaign 17,UK,Tablet,1951,1826,125,871,187,14.73,45,81,47.7,21.47,27.27,21040.11,9.58
2025-10-21,WhatsApp,WhatsApp Campaign 1,Germany,Tablet,2034,1765,269,1040,121,17.97,68,10,58.92,11.63,11.57,2274.83,5.95
2025-09-21,WhatsApp,WhatsApp Campaign 8,USA,Tablet,3506,3056,450,959,322,4.23,82,36,31.38,33.58,29.5,41329.25,9.18
2025-10-31,WhatsApp,WhatsApp Campaign 16,Germany,Tablet,1621,1545,76,430,101,1.98,47,52,27.83,23.49,28.71,11448.07,6.23
2025-09-07,Email,Email Campaign 1,Australia,Tablet,833,813,20,163,41,10.28,30,27,20.05,25.15,19.51,750.05,4.92
2025-10-22,Email,Email Campaign 13,Australia,Tablet,1103,1075,28,457,146,17.98,15,48,42.51,31.95,14.38,2596.65,13.24
2025-09-10,WhatsApp,WhatsApp Campaign 9,USA,Mobile,644,551,93,116,25,15.01,16,27,21.05,21.55,24.0,2521.68,3.88
2025-09-10,WhatsApp,WhatsApp Campaign 9,Australia,Mobile,4346,4295,51,1964,549,16.88,72,133,45.73,27.95,12.75,19298.26,12.63
2025-09-28,Email,Email Campaign 10,India,Mobile,4514,3858,656,1164,307,3.4,181,182,30.17,26.37,20.52,29903.78,6.8
2025-10-20,Email,Email Campaign 12,USA,Mobile,2092,1875,217,482,54,9.11,32,82,25.71,11.2,14.81,2506.89,2.58
2025-09-17,Email,Email Campaign 10,Australia,Desktop,3336,3062,274,1356,229,14.02,38,4,44.28,16.89,26.2,26590.7,6.86
2025-11-11,WhatsApp,WhatsApp Campaign 2,UK,Tablet,3518,3133,385,869,219,15.52,57,149,27.74,25.2,5.94,695.35,6.23
2025-10-22,WhatsApp,WhatsApp Campaign 16,Germany,Mobile,4924,4696,228,1946,288,5.97,180,63,41.44,14.8,9.03,7308.1,5.85
2025-10-26,Email,Email Campaign 14,UK,Tablet,4721,4366,355,968,198,6.99,212,51,22.17,20.45,6.06,3658.4,4.19
2025-09-23,Email,Email Campaign 4,Australia,Mobile,4680,4205,475,1663,246,19.49,107,160,39.55,14.79,5.28,5576.18,5.26
2025-08-29,WhatsApp,WhatsApp Campaign 8,Germany,Desktop,4926,4575,351,1827,232,8.26,114,167,39.93,12.7,28.45,19466.5,4.71
2025-11-08,WhatsApp,WhatsApp Campaign 16,Australia,Tablet,2511,2355,156,1162,318,18.15,53,111,49.34,27.37,22.01,14457.3,12.66
2025-11-05,WhatsApp,WhatsApp Campaign 18,India,Mobile,4417,3991,426,863,307,13.63,93,71,21.62,35.57,17.26,14674.18,6.95
2025-11-14,WhatsApp,WhatsApp Campaign 15,Australia,Tablet,3968,3465,503,1974,217,2.29,68,125,56.97,10.99,28.57,13182.65,5.47
2025-10-16,Email,Email Campaign 1,UK,Tablet,1061,946,115,548,177,18.78,20,44,57.93,32.3,19.77,10595.79,16.68
2025-10-22,Email,Email Campaign 17,UK,Tablet,3405,3242,163,1277,400,8.09,38,157,39.39,31.32,21.25,9793.65,11.75
2025-10-24,WhatsApp,WhatsApp Campaign 5,Germany,Desktop,4774,4112,662,1698,204,19.04,118,44,41.29,12.01,9.8,3108.53,4.27
2025-08-28,WhatsApp,WhatsApp Campaign 9,Australia,Desktop,826,773,53,168,65,14.2,26,10,21.73,38.69,4.62,983.33,7.87
2025-10-02,WhatsApp,WhatsApp Campaign 5,India,Tablet,2573,2544,29,642,119,1.31,99,36,25.24,18.54,22.69,4926.22,4.62
2025-09-12,WhatsApp,WhatsApp Campaign 5,Australia,Mobile,527,494,33,117,40,9.49,9,12,23.68,34.19,15.0,1119.1,7.59
2025-10-25,Email,Email Campaign 13,Germany,Mobile,3547,3026,521,876,230,9.73,48,73,28.95,26.26,5.65,4972.73,6.48
2025-09-19,WhatsApp,WhatsApp Campaign 9,India,Desktop,747,676,71,268,60,16.06,20,9,39.64,22.39,13.33,2127.99,8.03
2025-10-09,Email,Email Campaign 1,Australia,Mobile,4403,4242,161,2103,280,3.52,166,25,49.58,13.31,19.29,25361.84,6.36
2025-10-21,Email,Email Campaign 16,India,Desktop,1181,1010,171,264,57,14.44,23,27,26.14,21.59,17.54,2925.86,4.83
2025-09-22,Email,Email Campaign 19,Australia,Mobile,1776,1521,255,332,92,1.28,37,9,21.83,27.71,27.17,7561.33,5.18
2025-11-14,Email,Email Campaign 4,UK,Mobile,4064,3463,601,1236,313,1.27,35,163,35.69,25.32,20.77,20548.49,7.7
2025-11-06,Email,Email Campaign 20,USA,Desktop,2671,2350,321,723,146,13.95,65,35,30.77,20.19,5.48,1114.16,5.47
2025-11-10,Email,Email Campaign 11,UK,Desktop,4674,4240,434,970,102,13.0,56,103,22.88,10.52,14.71,2200.45,2.18
2025-10-21,WhatsApp,WhatsApp Campaign 17,UK,Desktop,4187,3852,335,1199,257,18.5,93,188,31.13,21.43,10.51,11846.81,6.14
2025-09-20,Email,Email Campaign 19,UK,Desktop,4709,4642,67,1073,273,11.57,63,32,23.12,25.44,14.29,18480.36,5.8
2025-11-10,Email,Email Campaign 16,USA,Mobile,579,568,11,284,88,11.35,20,2,50.0,30.99,4.55,824.03,15.2
2025-10-03,Email,Email Campaign 16,UK,Desktop,1252,1089,163,411,118,10.14,15,9,37.74,28.71,19.49,2080.1,9.42
2025-11-16,Email,Email Campaign 16,UK,Mobile,2007,1841,166,735,90,7.17,19,82,39.92,12.24,6.67,2577.08,4.48
2025-10-29,WhatsApp,WhatsApp Campaign 11,Australia,Mobile,502,439,63,245,74,18.53,21,19,55.81,30.2,22.97,1306.27,14.74
2025-09-29,WhatsApp,WhatsApp Campaign 3,UK,Mobile,4338,4223,115,1835,380,3.73,85,43,43.45,20.71,6.05,9378.44,8.76
2025-11-13,WhatsApp,WhatsApp Campaign 16,Australia,Tablet,1996,1792,204,783,193,7.61,48,67,43.69,24.65,21.24,11433.3,9.67
2025-09-16,Email,Email Campaign 16,Germany,Tablet,1908,1683,225,933,298,1.22,54,30,55.44,31.94,7.05,3128.24,15.62
2025-08-27,WhatsApp,WhatsApp Campaign 5,India,Mobile,680,626,54,359,48,14.34,18,28,57.35,13.37,10.42,2132.33,7.06
2025-10-05,WhatsApp,WhatsApp Campaign 13,UK,Tablet,3313,3074,239,925,206,6.71,96,29,30.09,22.27,4.85,2295.65,6.22
2025-10-08,WhatsApp,WhatsApp Campaign 12,Australia,Desktop,2434,2289,145,840,299,1.65,24,95,36.7,35.6,26.76,15564.1,12.28
2025-10-20,WhatsApp,WhatsApp Campaign 14,India,Tablet,4880,4721,159,1032,315,1.63,151,147,21.86,30.52,24.44,8853.53,6.45
2025-10-13,Email,Email Campaign 8,UK,Tablet,742,706,36,209,63,9.01,34,11,29.6,30.14,26.98,6289.88,8.49
2025-10-29,Email,Email Campaign 16,Germany,Mobile,948,924,24,304,107,1.22,22,32,32.9,35.2,9.35,4389.35,11.29
2025-09-24,Email,Email Campaign 8,USA,Mobile,4985,4863,122,2083,812,12.62,228,65,42.83,38.98,26.35,99346.41,16.29
2025-09-23,Email,Email Campaign 16,Australia,Desktop,2698,2404,294,877,313,4.54,27,115,36.48,35.69,5.11,3554.48,11.6
2025-08-21,Email,Email Campaign 3,India,Mobile,1636,1432,204,818,222,13.24,21,68,57.12,27.14,7.21,6858.77,13.57
2025-09-08,Email,Email Campaign 6,Germany,Tablet,2490,2385,105,707,179,15.68,50,93,29.64,25.32,16.2,6744.35,7.19
2025-10-18,WhatsApp,WhatsApp Campaign 5,USA,Tablet,972,846,126,380,71,19.84,35,34,44.92,18.68,22.54,1670.18,7.3
2025-10-17,Email,Email Campaign 4,Germany,Desktop,2687,2647,40,816,133,3.73,102,42,30.83,16.3,19.55,10733.99,4.95
2025-09-10,Email,Email Campaign 20,USA,Tablet,1748,1609,139,860,226,9.83,68,53,53.45,26.28,16.81,4783.69,12.93
2025-08-21,Email,Email Campaign 15,Australia,Tablet,3834,3561,273,939,170,7.76,40,166,26.37,18.1,23.53,5208.7,4.43
2025-10-26,Email,Email Campaign 13,India,Tablet,3842,3617,225,1911,674,6.77,75,116,52.83,35.27,25.22,82338.87,17.54
2025-11-06,WhatsApp,WhatsApp Campaign 6,Germany,Desktop,3771,3412,359,1150,397,9.54,143,132,33.7,34.52,23.43,11513.59,10.53
2025-10-30,Email,Email Campaign 13,UK,Desktop,3713,3326,387,1035,162,1.86,142,113,31.12,15.65,25.93,14907.66,4.36
2025-11-06,WhatsApp,WhatsApp Campaign 10,Australia,Mobile,1911,1885,26,582,147,1.0,29,81,30.88,25.26,27.21,4627.33,7.69
2025-10-29,Email,Email Campaign 20,UK,Tablet,3338,3140,198,1728,674,10.19,68,102,55.03,39.0,19.14,15475.46,20.19
2025-08-25,Email,Email Campaign 13,India,Mobile,1181,1100,81,382,41,16.78,35,44,34.73,10.73,21.95,881.22,3.47
2025-08-26,Email,Email Campaign 19,USA,Tablet,2853,2726,127,772,209,9.02,103,90,28.32,27.07,8.61,2244.18,7.33
2025-10-31,WhatsApp,WhatsApp Campaign 16,USA,Mobile,4531,4035,496,1666,335,4.89,148,38,41.29,20.11,9.55,3178.54,7.39
2025-11-12,Email,Email Campaign 1,India,Desktop,1648,1418,230,311,33,5.39,54,19,21.93,10.61,24.24,3922.06,2.0
2025-09-21,WhatsApp,WhatsApp Campaign 7,UK,Mobile,3059,3022,37,1704,437,18.86,60,117,56.39,25.65,28.38,24847.25,14.29
2025-09-02,WhatsApp,WhatsApp Campaign 4,Australia,Tablet,4303,3707,596,1702,641,9.95,144,104,45.91,37.66,29.33,60736.68,14.9
2025-09-06,Email,Email Campaign 18,UK,Mobile,3649,3185,464,1365,369,17.32,60,101,42.86,27.03,27.37,46959.51,10.11
2025-10-06,WhatsApp,WhatsApp Campaign 16,Germany,Tablet,650,554,96,211,56,9.27,12,7,38.09,26.54,16.07,4351.65,8.62
2025-11-16,WhatsApp,WhatsApp Campaign 8,Australia,Mobile,2034,2009,25,847,104,3.57,72,74,42.16,12.28,13.46,1636.5,5.11
2025-09-16,Email,Email Campaign 2,UK,Desktop,1015,947,68,333,56,7.18,15,4,35.16,16.82,28.57,2945.14,5.52
2025-08-23,WhatsApp,WhatsApp Campaign 19,Australia,Mobile,3929,3390,539,1624,340,8.26,60,151,47.91,20.94,20.29,26973.49,8.65
2025-10-01,Email,Email Campaign 11,UK,Mobile,1571,1453,118,564,83,9.63,67,67,38.82,14.72,16.87,6845.21,5.28
2025-09-06,WhatsApp,WhatsApp Campaign 17,India,Tablet,2366,2035,331,1084,354,15.45,98,93,53.27,32.66,27.4,17994.72,14.96
2025-11-07,WhatsApp,WhatsApp Campaign 9,Australia,Mobile,2591,2438,153,939,160,14.11,95,57,38.52,17.04,9.38,6059.04,6.18
2025-09-11,Email,Email Campaign 10,UK,Tablet,4865,4516,349,1944,416,10.31,94,43,43.05,21.4,24.04,14531.24,8.55
2025-09-01,WhatsApp,WhatsApp Campaign 5,Australia,Tablet,2074,1974,100,862,218,14.84,81,20,43.67,25.29,17.89,2695.88,10.51
2025-10-13,Email,Email Campaign 11,Australia,Desktop,1986,1695,291,602,101,16.94,69,35,35.52,16.78,21.78,6185.86,5.09
2025-08-30,WhatsApp,WhatsApp Campaign 18,UK,Mobile,3154,2848,306,1560,199,14.2,76,16,54.78,12.76,26.63,19108.7,6.31
2025-10-10,WhatsApp,WhatsApp Campaign 18,Australia,Desktop,4836,4597,239,1140,199,13.7,59,103,24.8,17.46,23.62,5721.53,4.11
2025-10-13,WhatsApp,WhatsApp Campaign 10,USA,Desktop,1828,1656,172,556,192,7.01,37,66,33.57,34.53,20.83,7152.96,10.5
2025-10-07,Email,Email Campaign 5,Australia,Tablet,3385,3221,164,1043,416,19.54,132,87,32.38,39.88,7.69,11849.44,12.29
2025-08-20,Email,Email Campaign 9,Germany,Tablet,3446,3155,291,1248,389,17.96,74,115,39.56,31.17,25.19,5464.34,11.29
2025-09-19,WhatsApp,WhatsApp Campaign 20,India,Tablet,3858,3489,369,1545,510,7.32,47,151,44.28,33.01,25.1,7760.01,13.22
2025-11-10,WhatsApp,WhatsApp Campaign 10,USA,Tablet,1875,1710,165,989,236,12.65,60,49,57.84,23.86,19.49,12560.47,12.59
2025-09-19,WhatsApp,WhatsApp Campaign 3,UK,Mobile,4064,3704,360,1040,343,3.81,87,7,28.08,32.98,20.7,34817.08,8.44
2025-11-09,WhatsApp,WhatsApp Campaign 13,UK,Mobile,1001,951,50,359,51,12.7,26,7,37.75,14.21,27.45,3379.78,5.09
2025-10-29,Email,Email Campaign 3,India,Desktop,3225,2833,392,985,196,3.49,75,113,34.77,19.9,15.82,10406.26,6.08
2025-08-25,WhatsApp,WhatsApp Campaign 5,Australia,Tablet,1645,1536,109,564,191,10.12,17,44,36.72,33.87,9.95,7647.95,11.61
2025-11-14,WhatsApp,WhatsApp Campaign 5,USA,Mobile,558,502,56,285,32,8.34,18,18,56.77,11.23,6.25,716.12,5.73
2025-10-16,WhatsApp,WhatsApp Campaign 8,UK,Mobile,1958,1798,160,795,265,9.23,27,44,44.22,33.33,12.83,13544.57,13.53
2025-10-08,Email,Email Campaign 8,Australia,Desktop,2357,2307,50,590,226,6.84,43,10,25.57,38.31,16.81,6386.46,9.59
2025-08-19,WhatsApp,WhatsApp Campaign 7,Germany,Desktop,4590,4178,412,1880,541,10.63,183,52,45.0,28.78,14.79,18961.68,11.79
2025-08-28,Email,Email Campaign 13,UK,Mobile,4754,4675,79,2491,253,6.5,120,12,53.28,10.16,22.92,9569.6,5.32
2025-09-01,Email,Email Campaign 9,USA,Tablet,2031,1857,174,650,130,16.56,40,24,35.0,20.0,14.62,6072.2,6.4
2025-08-26,Email,Email Campaign 17,Germany,Desktop,3817,3402,415,1974,446,9.04,59,55,58.02,22.59,23.09,42140.08,11.68
2025-08-24,WhatsApp,WhatsApp Campaign 8,UK,Mobile,2212,2153,59,1050,106,9.81,37,93,48.77,10.1,24.53,4992.28,4.79
2025-10-07,Email,Email Campaign 10,Australia,Mobile,1083,981,102,483,53,13.8,17,19,49.24,10.97,11.32,2835.2,4.89
2025-09-02,Email,Email Campaign 18,Germany,Mobile,4136,3836,300,2006,641,11.48,153,134,52.29,31.95,11.39,34613.35,15.5
2025-10-10,Email,Email Campaign 6,Germany,Tablet,1212,1058,154,522,105,5.72,18,10,49.34,20.11,28.57,8055.01,8.66
2025-08-23,Email,Email Campaign 10,UK,Tablet,821,738,83,357,125,13.32,36,23,48.37,35.01,26.4,8485.54,15.23
2025-10-17,WhatsApp,WhatsApp Campaign 6,Australia,Tablet,1072,1051,21,416,44,13.51,17,27,39.58,10.58,15.91,558.82,4.1
2025-10-08,WhatsApp,WhatsApp Campaign 15,India,Mobile,3262,2933,329,1036,385,13.88,126,58,35.32,37.16,17.66,13377.1,11.8
2025-09-01,WhatsApp,WhatsApp Campaign 6,Australia,Desktop,3772,3218,554,662,241,14.21,59,132,20.57,36.4,27.39,9772.62,6.39
2025-08-26,WhatsApp,WhatsApp Campaign 15,Germany,Mobile,1686,1502,184,782,257,5.96,22,50,52.06,32.86,25.68,24705.23,15.24
2025-11-10,WhatsApp,WhatsApp Campaign 9,UK,Tablet,4031,3563,468,1213,363,19.13,163,0,34.04,29.93,9.92,8602.89,9.01
2025-09-15,WhatsApp,WhatsApp Campaign 20,USA,Mobile,2085,2047,38,1099,407,6.23,80,60,53.69,37.03,15.23,28946.26,19.52
2025-09-21,Email,Email Campaign 8,Australia,Mobile,4262,3659,603,1376,141,7.09,160,43,37.61,10.25,7.09,861.2,3.31
2025-11-16,WhatsApp,WhatsApp Campaign 19,Australia,Tablet,1074,1026,48,502,81,5.07,39,14,48.93,16.14,4.94,1071.09,7.54
2025-10-08,WhatsApp,WhatsApp Campaign 9,UK,Mobile,3622,3465,157,1805,636,17.19,134,65,52.09,35.24,20.13,51690.0,17.56
2025-09-26,WhatsApp,WhatsApp Campaign 17,Germany,Tablet,2273,1963,310,861,299,10.05,92,59,43.86,34.73,13.71,17731.56,13.15
2025-09-28,Email,Email Campaign 18,India,Desktop,4538,3917,621,1978,557,16.81,117,74,50.5,28.16,11.85,7345.12,12.27
2025-09-08,WhatsApp,WhatsApp Campaign 10,Germany,Tablet,604,526,78,197,77,19.53,19,0,37.45,39.09,15.58,2166.58,12.75
2025-10-15,WhatsApp,WhatsApp Campaign 18,Germany,Desktop,2324,2207,117,796,278,1.23,87,67,36.07,34.92,24.1,26664.28,11.96
2025-09-16,Email,Email Campaign 1,Germany,Tablet,1624,1488,136,879,88,18.56,34,66,59.07,10.01,7.95,509.13,5.42
2025-09-26,WhatsApp,WhatsApp Campaign 19,USA,Tablet,3802,3661,141,2057,597,14.38,130,108,56.19,29.02,16.58,9738.05,15.7
2025-11-13,Email,Email Campaign 9,Germany,Desktop,2171,1929,242,897,184,4.58,83,61,46.5,20.51,24.46,10172.7,8.48
2025-10-29,Email,Email Campaign 17,Australia,Desktop,2966,2710,256,1181,169,13.47,134,43,43.58,14.31,18.93,1795.89,5.7
2025-11-04,WhatsApp,WhatsApp Campaign 13,USA,Mobile,1396,1361,35,665,231,1.96,49,39,48.86,34.74,10.82,11883.96,16.55
2025-09-24,Email,Email Campaign 8,USA,Tablet,719,707,12,320,124,13.62,13,33,45.26,38.75,12.1,4918.64,17.25
2025-08-23,WhatsApp,WhatsApp Campaign 2,Germany,Desktop,2193,2113,80,933,128,12.71,56,59,44.16,13.72,28.12,1867.5,5.84
2025-10-31,WhatsApp,WhatsApp Campaign 3,India,Mobile,4290,4040,250,1700,306,4.72,49,37,42.08,18.0,24.51,25777.54,7.13
2025-10-24,Email,Email Campaign 4,India,Desktop,814,766,48,376,144,9.58,7,6,49.09,38.3,15.28,5161.15,17.69
2025-10-27,WhatsApp,WhatsApp Campaign 14,Germany,Mobile,4879,4503,376,1732,387,1.49,57,75,38.46,22.34,14.21,21277.65,7.93
2025-10-18,WhatsApp,WhatsApp Campaign 1,Australia,Tablet,1963,1752,211,988,149,1.06,27,17,56.39,15.08,4.7,2076.22,7.59
2025-10-06,Email,Email Campaign 2,Germany,Tablet,4800,4555,245,2103,719,13.79,191,161,46.17,34.19,13.21,32592.18,14.98
2025-10-13,WhatsApp,WhatsApp Campaign 2,UK,Tablet,1118,1073,45,350,91,12.8,51,5,32.62,26.0,21.98,2123.47,8.14
2025-10-10,Email,Email Campaign 14,India,Tablet,4456,3922,534,1560,240,16.53,84,138,39.78,15.38,27.5,24862.8,5.39
2025-10-04,WhatsApp,WhatsApp Campaign 16,Australia,Tablet,1940,1908,32,584,224,10.24,63,82,30.61,38.36,27.23,14971.03,11.55
2025-10-11,Email,Email Campaign 13,Germany,Desktop,1614,1580,34,363,123,7.94,48,23,22.97,33.88,26.02,8544.51,7.62
2025-10-11,WhatsApp,WhatsApp Campaign 10,USA,Desktop,4215,3750,465,1667,555,13.85,173,48,44.45,33.29,7.93,16847.51,13.17
2025-11-14,WhatsApp,WhatsApp Campaign 7,USA,Mobile,1435,1334,101,500,190,4.0,28,0,37.48,38.0,17.37,12374.44,13.24
2025-08-26,Email,Email Campaign 9,India,Tablet,3633,3441,192,917,145,12.91,61,73,26.65,15.81,20.69,4730.39,3.99
2025-10-22,WhatsApp,WhatsApp Campaign 17,Australia,Tablet,3424,3370,54,1959,380,10.23,47,36,58.13,19.4,13.42,24396.36,11.1
2025-11-11,WhatsApp,WhatsApp Campaign 2,UK,Tablet,2027,1806,221,708,262,14.23,64,58,39.2,37.01,6.87,2495.32,12.93
2025-10-06,WhatsApp,WhatsApp Campaign 2,USA,Tablet,2782,2539,243,1002,375,9.47,93,74,39.46,37.43,25.07,21336.65,13.48
2025-09-07,Email,Email Campaign 3,India,Tablet,1794,1755,39,695,70,18.74,20,18,39.6,10.07,12.86,1776.5,3.9
2025-09-06,Email,Email Campaign 17,USA,Tablet,1694,1592,102,343,133,9.42,52,72,21.55,38.78,29.32,19045.19,7.85
2025-10-26,Email,Email Campaign 3,UK,Tablet,3900,3468,432,1332,477,14.07,125,155,38.41,35.81,5.45,4509.85,12.23
2025-11-05,Email,Email Campaign 8,USA,Desktop,1264,1237,27,262,62,13.97,12,37,21.18,23.66,11.29,1244.43,4.91
2025-08-27,WhatsApp,WhatsApp Campaign 12,Australia,Desktop,2244,1909,335,611,128,4.17,87,30,32.01,20.95,20.31,10221.84,5.7
2025-09-22,Email,Email Campaign 3,Germany,Tablet,1251,1101,150,267,31,4.31,36,34,24.25,11.61,12.9,741.62,2.48
2025-11-01,Email,Email Campaign 4,UK,Desktop,1540,1313,227,636,137,18.91,44,10,48.44,21.54,11.68,3835.94,8.9
2025-09-03,WhatsApp,WhatsApp Campaign 7,UK,Mobile,1113,1028,85,411,95,2.61,25,27,39.98,23.11,26.32,5858.67,8.54
2025-09-30,WhatsApp,WhatsApp Campaign 3,USA,Mobile,663,578,85,156,19,19.9,10,28,26.99,12.18,10.53,151.17,2.87
2025-11-01,Email,Email Campaign 15,USA,Mobile,3848,3744,104,2137,240,15.12,126,115,57.08,11.23,25.83,23710.36,6.24
2025-10-26,WhatsApp,WhatsApp Campaign 19,USA,Tablet,2039,1789,250,804,113,9.13,89,86,44.94,14.05,22.12,9761.0,5.54
2025-11-01,Email,Email Campaign 19,Germany,Mobile,3105,3021,84,1569,451,7.3,48,93,51.94,28.74,7.54,15703.67,14.52
2025-11-16,Email,Email Campaign 8,UK,Desktop,3569,3459,110,1178,195,13.78,162,106,34.06,16.55,8.21,6599.7,5.46
2025-09-02,WhatsApp,WhatsApp Campaign 17,UK,Desktop,3870,3607,263,1729,632,3.38,110,72,47.93,36.55,17.41,28291.54,16.33
2025-09-23,Email,Email Campaign 4,Germany,Desktop,994,845,149,473,132,4.34,40,16,55.98,27.91,7.58,1840.67,13.28
2025-09-15,Email,Email Campaign 17,India,Tablet,4484,4135,349,2335,519,15.24,59,180,56.47,22.23,12.52,14371.75,11.57
2025-09-29,WhatsApp,WhatsApp Campaign 20,Australia,Desktop,1392,1251,141,477,120,12.76,42,36,38.13,25.16,6.67,1931.75,8.62
2025-11-15,WhatsApp,WhatsApp Campaign 13,Germany,Mobile,3568,3178,390,1420,206,18.7,150,115,44.68,14.51,29.61,16675.64,5.77
2025-09-30,Email,Email Campaign 8,UK,Desktop,3537,3314,223,1585,535,8.76,89,125,47.83,33.75,9.91,18062.11,15.13
2025-11-07,Email,Email Campaign 14,USA,Mobile,519,460,59,174,29,17.88,14,9,37.83,16.67,6.9,555.73,5.59
2025-09-21,WhatsApp,WhatsApp Campaign 6,Australia,Desktop,3245,3031,214,748,263,8.57,95,45,24.68,35.16,9.13,5503.82,8.1
2025-09-13,WhatsApp,WhatsApp Campaign 2,UK,Tablet,4109,3595,514,1923,216,15.71,165,13,53.49,11.23,5.09,4897.27,5.26
2025-09-10,WhatsApp,WhatsApp Campaign 18,India,Desktop,3909,3787,122,897,335,9.43,90,185,23.69,37.35,28.36,37867.61,8.57
2025-08-24,WhatsApp,WhatsApp Campaign 1,USA,Mobile,3792,3538,254,1151,243,8.43,80,80,32.53,21.11,10.7,6867.43,6.41
2025-09-15,WhatsApp,WhatsApp Campaign 19,India,Tablet,2798,2488,310,860,215,18.46,106,85,34.57,25.0,14.88,6510.75,7.68
2025-09-28,Email,Email Campaign 2,India,Mobile,1624,1452,172,388,138,12.4,37,26,26.72,35.57,20.29,7002.53,8.5
2025-10-10,Email,Email Campaign 13,UK,Desktop,4789,4440,349,905,165,12.65,168,49,20.38,18.23,22.42,9247.47,3.45
2025-10-15,WhatsApp,WhatsApp Campaign 3,UK,Mobile,3325,3224,101,1850,632,5.47,86,37,57.38,34.16,11.87,28675.95,19.01
2025-10-01,Email,Email Campaign 12,Germany,Tablet,861,820,41,192,61,15.31,29,31,23.41,31.77,6.56,1587.05,7.08
2025-10-11,Email,Email Campaign 17,Australia,Tablet,1019,922,97,401,42,11.92,9,29,43.49,10.47,26.19,1885.05,4.12
2025-09-16,Email,Email Campaign 5,Australia,Tablet,721,641,80,345,54,13.7,20,13,53.82,15.65,3.7,324.42,7.49
2025-11-04,Email,Email Campaign 16,USA,Tablet,4652,4524,128,1245,178,13.43,186,219,27.52,14.3,17.42,13138.24,3.83
2025-10-23,WhatsApp,WhatsApp Campaign 12,Germany,Mobile,1316,1274,42,357,48,18.61,26,30,28.02,13.45,16.67,1699.05,3.65
2025-10-16,Email,Email Campaign 14,USA,Tablet,1437,1323,114,751,167,10.25,58,63,56.76,22.24,10.18,3119.85,11.62
2025-11-05,Email,Email Campaign 13,Australia,Tablet,1034,968,66,270,90,16.52,18,28,27.89,33.33,8.89,3129.77,8.7
2025-10-04,Email,Email Campaign 16,USA,Tablet,2713,2409,304,666,189,4.94,88,4,27.65,28.38,17.99,15780.99,6.97
2025-09-09,Email,Email Campaign 5,India,Desktop,1937,1897,40,1027,353,12.47,62,53,54.14,34.37,28.05,42737.69,18.22
2025-11-15,WhatsApp,WhatsApp Campaign 10,Germany,Tablet,1757,1525,232,637,96,13.57,71,1,41.77,15.07,27.08,9892.93,5.46
2025-09-04,Email,Email Campaign 11,Australia,Mobile,4070,3525,545,1285,392,3.89,117,133,36.45,30.51,12.76,13112.44,9.63
2025-09-22,Email,Email Campaign 6,Germany,Mobile,4601,4529,72,1389,225,17.1,188,22,30.67,16.2,23.11,13932.1,4.89
2025-10-24,Email,Email Campaign 3,UK,Desktop,1553,1416,137,800,236,3.46,54,9,56.5,29.5,27.12,6695.68,15.2
2025-10-26,WhatsApp,WhatsApp Campaign 1,UK,Desktop,2130,2100,30,752,257,2.69,91,58,35.81,34.18,17.12,10660.36,12.07
2025-09-09,WhatsApp,WhatsApp Campaign 17,Germany,Mobile,2342,2272,70,1247,165,3.87,101,89,54.89,13.23,6.67,2362.87,7.05
2025-09-05,Email,Email Campaign 8,Australia,Tablet,2424,2380,44,1402,449,6.97,100,11,58.91,32.03,24.5,32149.96,18.52
2025-11-02,Email,Email Campaign 20,Australia,Mobile,1164,1012,152,343,120,6.56,25,1,33.89,34.99,25.83,5899.27,10.31
2025-09-09,Email,Email Campaign 15,UK,Mobile,3450,3395,55,1238,199,3.12,140,168,36.47,16.07,17.09,16356.76,5.77
2025-11-12,WhatsApp,WhatsApp Campaign 19,USA,Tablet,2110,2063,47,487,91,17.54,69,90,23.61,18.69,18.68,5296.98,4.31
2025-10-12,WhatsApp,WhatsApp Campaign 6,India,Desktop,2680,2509,171,1087,208,17.19,39,94,43.32,19.14,22.12,7576.8,7.76
2025-10-06,Email,Email Campaign 17,UK,Mobile,829,790,39,207,53,19.03,34,8,26.2,25.6,15.09,1834.69,6.39
2025-09-17,Email,Email Campaign 4,Australia,Mobile,2566,2456,110,1094,437,6.29,67,88,44.54,39.95,18.99,16398.81,17.03
2025-10-21,Email,Email Campaign 6,Germany,Mobile,4792,4088,704,1043,274,18.37,153,80,25.51,26.27,24.82,29330.92,5.72
2025-10-04,WhatsApp,WhatsApp Campaign 20,Germany,Tablet,1583,1410,173,812,232,4.92,31,23,57.59,28.57,14.22,3803.4,14.66
2025-09-23,Email,Email Campaign 17,UK,Desktop,1909,1761,148,989,109,4.3,62,20,56.16,11.02,9.17,3873.94,5.71
2025-09-24,Email,Email Campaign 15,USA,Mobile,4696,4618,78,2410,517,4.85,55,218,52.19,21.45,14.89,4029.61,11.01
2025-09-26,WhatsApp,WhatsApp Campaign 6,UK,Tablet,4042,3828,214,1274,373,1.2,125,87,33.28,29.28,6.97,6545.26,9.23
2025-10-28,WhatsApp,WhatsApp Campaign 1,India,Tablet,971,865,106,321,86,6.27,34,1,37.11,26.79,10.47,2238.59,8.86
2025-09-07,WhatsApp,WhatsApp Campaign 19,Australia,Mobile,3714,3644,70,1717,643,12.03,161,70,47.12,37.45,20.06,36634.14,17.31
2025-09-10,WhatsApp,WhatsApp Campaign 18,USA,Desktop,4499,4224,275,933,272,12.62,134,168,22.09,29.15,21.32,5987.89,6.05
2025-09-30,Email,Email Campaign 2,Germany,Mobile,1869,1640,229,537,202,3.91,54,79,32.74,37.62,7.43,5437.83,10.81
2025-09-15,WhatsApp,WhatsApp Campaign 16,USA,Mobile,3357,2992,365,1327,340,3.48,135,128,44.35,25.62,16.18,6190.31,10.13
2025-09-02,WhatsApp,WhatsApp Campaign 4,Germany,Desktop,2959,2610,349,1469,366,11.46,27,29,56.28,24.91,29.23,52953.96,12.37
2025-10-10,Email,Email Campaign 3,Germany,Mobile,4368,4009,359,926,142,2.09,171,3,23.1,15.33,23.94,11404.2,3.25
2025-11-12,Email,Email Campaign 4,Germany,Mobile,4129,3958,171,1915,197,11.14,114,96,48.38,10.29,12.69,4492.32,4.77
2025-10-20,Email,Email Campaign 7,Australia,Mobile,4875,4647,228,2730,607,1.59,156,185,58.75,22.23,17.3,41312.95,12.45
2025-09-30,WhatsApp,WhatsApp Campaign 13,UK,Tablet,930,863,67,212,45,14.02,37,42,24.57,21.23,6.67,487.42,4.84
2025-11-06,WhatsApp,WhatsApp Campaign 15,UK,Tablet,4637,4021,616,1935,749,7.24,182,143,48.12,38.71,14.95,26799.78,16.15
2025-09-08,WhatsApp,WhatsApp Campaign 10,UK,Tablet,2412,2148,264,518,122,12.24,60,48,24.12,23.55,28.69,15297.85,5.06
2025-11-03,Email,Email Campaign 11,UK,Tablet,2085,1929,156,1083,216,15.21,55,51,56.14,19.94,11.57,5771.2,10.36
2025-10-01,WhatsApp,WhatsApp Campaign 12,India,Mobile,3795,3516,279,834,270,6.7,47,55,23.72,32.37,25.93,15519.06,7.11
2025-09-13,Email,Email Campaign 19,India,Tablet,4993,4380,613,2132,335,12.01,118,175,48.68,15.71,6.57,9615.44,6.71
2025-10-20,WhatsApp,WhatsApp Campaign 13,UK,Tablet,2581,2483,98,1460,369,7.26,106,52,58.8,25.27,8.67,8523.97,14.3
2025-10-13,WhatsApp,WhatsApp Campaign 13,UK,Desktop,4098,3688,410,1769,302,7.04,93,95,47.97,17.07,16.89,5435.04,7.37
2025-09-20,WhatsApp,WhatsApp Campaign 7,India,Desktop,1727,1478,249,597,211,6.81,21,28,40.39,35.34,13.27,11699.63,12.22
2025-10-22,WhatsApp,WhatsApp Campaign 2,Australia,Mobile,1095,969,126,223,87,17.99,24,46,23.01,39.01,26.44,6290.37,7.95
2025-09-15,WhatsApp,WhatsApp Campaign 10,USA,Tablet,1369,1209,160,261,44,12.78,29,26,21.59,16.86,18.18,2443.67,3.21
2025-10-01,Email,Email Campaign 17,USA,Mobile,2413,2144,269,878,290,9.52,99,101,40.95,33.03,28.97,20029.0,12.02
2025-11-02,Email,Email Campaign 10,USA,Tablet,1761,1580,181,322,47,1.1,65,8,20.38,14.6,25.53,701.0,2.67
2025-08-24,Email,Email Campaign 18,Australia,Desktop,1872,1687,185,417,102,18.45,24,32,24.72,24.46,29.41,8247.17,5.45
2025-08-27,WhatsApp,WhatsApp Campaign 1,UK,Mobile,757,734,23,225,80,3.69,36,22,30.65,35.56,22.5,5971.44,10.57
2025-09-07,Email,Email Campaign 8,Australia,Desktop,3393,3280,113,1440,225,17.31,55,163,43.9,15.62,29.33,20635.08,6.63
2025-09-15,Email,Email Campaign 4,Germany,Tablet,1066,917,149,216,30,4.72,30,33,23.56,13.89,13.33,444.02,2.81
2025-09-16,Email,Email Campaign 11,Germany,Tablet,1240,1119,121,586,114,10.74,41,51,52.37,19.45,10.53,2798.26,9.19
2025-09-15,WhatsApp,WhatsApp Campaign 10,India,Tablet,1079,1038,41,528,81,15.59,26,50,50.87,15.34,16.05,4478.87,7.51
2025-10-06,Email,Email Campaign 5,India,Mobile,2095,2034,61,562,88,3.55,57,93,27.63,15.66,13.64,4178.62,4.2
2025-10-11,WhatsApp,WhatsApp Campaign 7,UK,Mobile,2351,2108,243,601,158,9.29,50,103,28.51,26.29,16.46,11818.06,6.72
2025-10-11,WhatsApp,WhatsApp Campaign 1,USA,Desktop,2202,2007,195,471,78,3.21,95,93,23.47,16.56,20.51,5513.28,3.54
2025-09-11,WhatsApp,WhatsApp Campaign 16,UK,Tablet,2611,2394,217,1334,294,17.25,45,11,55.72,22.04,24.49,22458.92,11.26
2025-10-14,WhatsApp,WhatsApp Campaign 2,UK,Tablet,570,509,61,299,98,19.22,9,21,58.74,32.78,26.53,11955.69,17.19
2025-10-30,WhatsApp,WhatsApp Campaign 10,UK,Mobile,4072,3464,608,1571,420,16.7,130,74,45.35,26.73,17.62,32877.5,10.31
2025-10-23,Email,Email Campaign 12,USA,Mobile,1214,1106,108,429,82,17.28,36,52,38.79,19.11,4.88,241.04,6.75
2025-11-05,WhatsApp,WhatsApp Campaign 3,UK,Desktop,1560,1398,162,412,140,5.83,40,60,29.47,33.98,6.43,2949.57,8.97
2025-10-12,Email,Email Campaign 1,Australia,Desktop,3439,3402,37,818,115,6.62,120,68,24.04,14.06,9.57,2843.66,3.34
2025-08-28,WhatsApp,WhatsApp Campaign 10,Australia,Desktop,1591,1370,221,677,238,4.87,68,19,49.42,35.16,13.87,10044.29,14.96
2025-11-06,Email,Email Campaign 6,USA,Tablet,3538,3331,207,1878,604,12.84,50,31,56.38,32.16,22.85,27185.92,17.07
2025-08-30,WhatsApp,WhatsApp Campaign 16,India,Desktop,1619,1539,80,557,138,13.01,64,9,36.19,24.78,28.99,19617.37,8.52
2025-10-16,WhatsApp,WhatsApp Campaign 13,Germany,Mobile,2813,2645,168,1486,527,2.33,83,40,56.18,35.46,29.41,19119.67,18.73
2025-09-01,Email,Email Campaign 15,India,Mobile,1113,960,153,352,88,9.54,29,6,36.67,25.0,19.32,7834.82,7.91
2025-10-10,Email,Email Campaign 4,UK,Tablet,1096,1075,21,547,132,5.94,37,31,50.88,24.13,14.39,1677.36,12.04
2025-11-05,WhatsApp,WhatsApp Campaign 17,India,Desktop,1331,1202,129,274,28,7.01,15,33,22.8,10.22,17.86,263.71,2.1
2025-08-25,Email,Email Campaign 9,Australia,Desktop,4271,3798,473,1264,372,15.91,119,33,33.28,29.43,19.35,27901.29,8.71
2025-10-13,Email,Email Campaign 2,USA,Tablet,3448,3147,301,1690,647,11.59,111,51,53.7,38.28,17.93,53996.68,18.76
2025-10-17,WhatsApp,WhatsApp Campaign 16,Germany,Desktop,2416,2306,110,1007,196,11.12,80,81,43.67,19.46,5.1,2272.64,8.11
2025-09-11,WhatsApp,WhatsApp Campaign 6,Australia,Mobile,2948,2847,101,717,182,9.54,70,61,25.18,25.38,24.73,6979.55,6.17
2025-09-05,WhatsApp,WhatsApp Campaign 4,Germany,Mobile,4553,3956,597,1822,622,10.61,191,192,46.06,34.14,14.47,37257.3,13.66
2025-09-21,WhatsApp,WhatsApp Campaign 7,Australia,Mobile,1533,1327,206,462,151,12.34,52,33,34.82,32.68,10.6,6985.53,9.85
2025-08-25,WhatsApp,WhatsApp Campaign 16,India,Desktop,4621,4074,547,2165,567,9.13,98,102,53.14,26.19,28.57,56044.09,12.27
2025-09-03,Email,Email Campaign 16,Germany,Desktop,3383,3118,265,1458,495,5.61,143,47,46.76,33.95,25.05,44403.91,14.63
2025-10-02,WhatsApp,WhatsApp Campaign 5,Germany,Desktop,2516,2414,102,609,94,9.05,56,87,25.23,15.44,5.32,2403.98,3.74
2025-11-12,WhatsApp,WhatsApp Campaign 4,Australia,Mobile,3718,3180,538,1069,373,2.9,83,32,33.62,34.89,12.6,21575.94,10.03
2025-10-18,Email,Email Campaign 3,UK,Mobile,1978,1807,171,538,196,5.52,19,51,29.77,36.43,27.04,21887.49,9.91
2025-10-24,Email,Email Campaign 16,India,Desktop,2744,2424,320,566,158,3.01,67,102,23.35,27.92,6.33,4138.45,5.76
2025-09-17,WhatsApp,WhatsApp Campaign 17,Germany,Mobile,623,571,52,264,95,17.82,6,21,46.23,35.98,17.89,6522.75,15.25
2025-11-10,Email,Email Campaign 1,USA,Desktop,4777,4593,184,1122,222,6.59,57,1,24.43,19.79,13.06,9803.56,4.65
2025-09-05,WhatsApp,WhatsApp Campaign 20,India,Tablet,2565,2258,307,739,98,12.21,44,34,32.73,13.26,21.43,3601.34,3.82
2025-08-28,Email,Email Campaign 6,Australia,Desktop,4730,4452,278,2518,843,3.56,67,7,56.56,33.48,21.71,37941.36,17.82
2025-11-13,WhatsApp,WhatsApp Campaign 7,UK,Tablet,589,576,13,272,56,13.45,20,12,47.22,20.59,28.57,3484.89,9.51
2025-10-08,WhatsApp,WhatsApp Campaign 4,Germany,Desktop,1166,1066,100,510,182,19.88,43,47,47.84,35.69,24.73,19144.52,15.61
2025-10-24,Email,Email Campaign 19,UK,Tablet,1442,1427,15,743,168,10.04,55,6,52.07,22.61,14.88,11684.11,11.65
2025-10-05,WhatsApp,WhatsApp Campaign 17,USA,Mobile,1655,1633,22,403,114,11.34,52,56,24.68,28.29,6.14,1050.75,6.89
2025-09-12,WhatsApp,WhatsApp Campaign 17,India,Tablet,2175,1935,240,537,192,18.96,54,44,27.75,35.75,5.21,2278.97,8.83
2025-09-06,WhatsApp,WhatsApp Campaign 8,Germany,Mobile,1077,1013,64,234,69,1.55,33,9,23.1,29.49,21.74,6444.63,6.41
2025-09-03,Email,Email Campaign 8,Germany,Desktop,919,836,83,491,107,14.1,20,31,58.73,21.79,27.1,13589.18,11.64
2025-10-07,WhatsApp,WhatsApp Campaign 16,India,Tablet,3128,2899,229,1199,399,4.35,80,77,41.36,33.28,25.56,29897.44,12.76
2025-09-04,Email,Email Campaign 9,USA,Desktop,3993,3598,395,1424,253,17.67,41,11,39.58,17.77,22.92,24197.31,6.34
2025-10-26,WhatsApp,WhatsApp Campaign 13,USA,Mobile,1600,1414,186,567,219,14.04,53,42,40.1,38.62,26.48,13468.21,13.69
2025-11-04,Email,Email Campaign 13,India,Desktop,4699,4624,75,2171,287,3.02,143,197,46.95,13.22,19.16,4653.9,6.11
2025-09-29,WhatsApp,WhatsApp Campaign 6,Germany,Desktop,1927,1821,106,690,188,19.8,80,35,37.89,27.25,24.47,14196.15,9.76
2025-10-05,Email,Email Campaign 13,USA,Desktop,4167,3741,426,971,262,14.85,135,176,25.96,26.98,27.86,4257.71,6.29
2025-10-31,WhatsApp,WhatsApp Campaign 11,India,Desktop,3964,3771,193,1229,304,18.1,78,46,32.59,24.74,25.66,11878.31,7.67
2025-09-27,Email,Email Campaign 1,USA,Tablet,4210,3863,347,1937,275,8.26,168,192,50.14,14.2,13.82,14194.84,6.53
2025-08-30,Email,Email Campaign 20,USA,Tablet,1026,934,92,367,134,18.26,28,3,39.29,36.51,5.22,1142.59,13.06
2025-09-08,WhatsApp,WhatsApp Campaign 2,USA,Tablet,2009,1814,195,955,98,8.41,32,40,52.65,10.26,23.47,1894.65,4.88
2025-08-28,Email,Email Campaign 18,Germany,Desktop,4914,4245,669,1398,460,1.51,191,111,32.93,32.9,7.17,7867.55,9.36
2025-08-20,Email,Email Campaign 18,UK,Desktop,1189,1148,41,316,90,12.33,23,13,27.53,28.48,20.0,6526.92,7.57
2025-11-09,Email,Email Campaign 9,Germany,Mobile,1766,1517,249,818,121,5.3,48,33,53.92,14.79,8.26,4074.3,6.85
2025-10-19,WhatsApp,WhatsApp Campaign 2,USA,Tablet,2678,2567,111,1328,203,11.95,92,113,51.73,15.29,16.75,11951.49,7.58
2025-09-16,Email,Email Campaign 3,USA,Desktop,3208,2913,295,943,170,6.2,45,51,32.37,18.03,12.94,1244.87,5.3
2025-10-04,WhatsApp,WhatsApp Campaign 16,UK,Tablet,1283,1233,50,550,185,1.07,46,59,44.61,33.64,7.57,1966.44,14.42
2025-09-24,WhatsApp,WhatsApp Campaign 8,USA,Tablet,2896,2828,68,1625,413,16.85,35,92,57.46,25.42,11.38,7599.6,14.26
2025-09-20,Email,Email Campaign 20,USA,Desktop,2115,1938,177,482,164,5.77,62,90,24.87,34.02,25.61,18292.21,7.75
2025-10-26,Email,Email Campaign 13,India,Desktop,3911,3511,400,1162,216,15.44,106,16,33.1,18.59,29.63,7028.22,5.52
2025-10-28,Email,Email Campaign 11,Australia,Tablet,3484,3355,129,1326,150,14.12,106,115,39.52,11.31,17.33,12454.19,4.31
2025-09-12,Email,Email Campaign 8,India,Mobile,2943,2891,52,1177,118,12.25,33,97,40.71,10.03,22.88,9208.58,4.01
2025-10-03,WhatsApp,WhatsApp Campaign 20,USA,Mobile,3908,3513,395,1887,409,13.81,56,161,53.71,21.67,4.89,1723.11,10.47
2025-11-08,WhatsApp,WhatsApp Campaign 13,Australia,Desktop,1846,1638,208,660,77,15.24,19,30,40.29,11.67,7.79,1629.32,4.17
2025-11-04,WhatsApp,WhatsApp Campaign 9,USA,Tablet,2155,2027,128,1178,147,12.15,98,45,58.12,12.48,18.37,9594.72,6.82
2025-10-09,WhatsApp,WhatsApp Campaign 11,UK,Mobile,3788,3619,169,1823,634,15.08,43,31,50.37,34.78,9.78,17845.75,16.74
2025-10-28,Email,Email Campaign 7,Germany,Mobile,993,980,13,225,45,6.33,26,0,22.96,20.0,26.67,2280.7,4.53
2025-09-19,Email,Email Campaign 16,Germany,Mobile,3414,3212,202,1385,156,18.64,128,94,43.12,11.26,21.15,10490.56,4.57
2025-09-01,Email,Email Campaign 2,Australia,Tablet,501,458,43,169,36,2.83,15,18,36.9,21.3,22.22,2302.83,7.19
2025-10-29,Email,Email Campaign 1,UK,Desktop,3481,3119,362,1743,424,15.9,108,146,55.88,24.33,19.34,28014.63,12.18
2025-09-21,WhatsApp,WhatsApp Campaign 9,India,Mobile,4516,3854,662,1819,276,18.89,125,51,47.2,15.17,7.97,6951.68,6.11
2025-11-11,WhatsApp,WhatsApp Campaign 1,USA,Desktop,3543,3016,527,1225,284,5.31,136,62,40.62,23.18,23.59,32388.07,8.02
2025-10-10,Email,Email Campaign 19,India,Mobile,2253,1944,309,1068,256,5.6,77,1,54.94,23.97,21.09,21295.47,11.36
2025-10-17,WhatsApp,WhatsApp Campaign 18,USA,Mobile,3373,3259,114,827,118,6.91,109,120,25.38,14.27,5.93,2681.15,3.5
2025-09-09,Email,Email Campaign 11,Germany,Desktop,1786,1655,131,398,149,2.4,73,58,24.05,37.44,24.83,14772.47,8.34
2025-09-11,WhatsApp,WhatsApp Campaign 13,UK,Mobile,550,477,73,125,13,15.76,16,6,26.21,10.4,7.69,235.42,2.36
2025-09-01,Email,Email Campaign 18,Germany,Mobile,694,662,32,276,82,18.89,10,29,41.69,29.71,26.83,9537.4,11.82
2025-10-23,WhatsApp,WhatsApp Campaign 3,UK,Desktop,851,814,37,223,69,12.99,29,37,27.4,30.94,18.84,708.16,8.11
2025-09-19,Email,Email Campaign 11,Australia,Desktop,3863,3734,129,1946,598,2.04,68,118,52.12,30.73,8.53,19414.3,15.48
2025-09-30,Email,Email Campaign 8,UK,Desktop,1928,1683,245,492,148,18.21,55,43,29.23,30.08,14.86,4050.64,7.68
2025-09-03,WhatsApp,WhatsApp Campaign 12,UK,Mobile,2447,2285,162,911,325,8.27,113,99,39.87,35.68,6.77,2278.27,13.28
2025-09-25,WhatsApp,WhatsApp Campaign 10,Australia,Mobile,3042,2692,350,602,219,11.92,97,133,22.36,36.38,24.2,3052.93,7.2
2025-08-30,WhatsApp,WhatsApp Campaign 8,Australia,Desktop,2117,1857,260,476,140,13.58,84,14,25.63,29.41,11.43,2716.0,6.61
2025-10-18,WhatsApp,WhatsApp Campaign 19,USA,Tablet,3123,2886,237,708,180,2.24,61,21,24.53,25.42,21.67,14258.09,5.76
2025-09-17,Email,Email Campaign 16,Germany,Tablet,2526,2402,124,546,56,11.45,59,6,22.73,10.26,19.64,1334.55,2.22
2025-09-26,Email,Email Campaign 3,Australia,Mobile,3425,2977,448,1103,283,14.22,43,19,37.05,25.66,22.97,10561.66,8.26
2025-09-13,WhatsApp,WhatsApp Campaign 7,UK,Desktop,3764,3550,214,898,269,19.58,67,153,25.3,29.96,16.73,17457.67,7.15
2025-10-28,Email,Email Campaign 3,Germany,Tablet,2096,1905,191,426,49,14.4,41,9,22.36,11.5,12.24,1229.64,2.34
2025-08-21,Email,Email Campaign 4,UK,Desktop,4257,3775,482,817,311,17.12,119,142,21.64,38.07,17.36,7181.0,7.31
2025-11-01,WhatsApp,WhatsApp Campaign 2,Germany,Mobile,2983,2935,48,1516,279,16.3,61,95,51.65,18.4,19.71,20446.27,9.35
2025-09-17,WhatsApp,WhatsApp Campaign 14,Australia,Desktop,4698,4018,680,2126,463,3.99,123,64,52.91,21.78,21.81,28196.81,9.86
2025-10-31,Email,Email Campaign 12,Australia,Tablet,1550,1507,43,844,235,9.81,42,60,56.01,27.84,7.23,7684.78,15.16
2025-10-26,WhatsApp,WhatsApp Campaign 12,India,Mobile,3025,2971,54,1179,278,1.67,91,27,39.68,23.58,13.31,7095.35,9.19
2025-10-11,WhatsApp,WhatsApp Campaign 14,India,Desktop,4200,3667,533,925,134,3.89,112,39,25.22,14.49,23.88,12386.61,3.19
2025-09-19,Email,Email Campaign 3,USA,Mobile,4468,4004,464,2064,553,9.72,45,148,51.55,26.79,5.97,13005.62,12.38
2025-08-21,WhatsApp,WhatsApp Campaign 8,Germany,Tablet,1633,1394,239,635,231,14.23,24,44,45.55,36.38,9.52,5409.25,14.15
2025-10-23,Email,Email Campaign 13,USA,Tablet,2463,2251,212,1135,439,11.28,111,50,50.42,38.68,14.58,24086.54,17.82
2025-09-04,Email,Email Campaign 9,UK,Tablet,2653,2469,184,578,133,4.79,29,14,23.41,23.01,9.77,1277.84,5.01
2025-08-28,Email,Email Campaign 11,India,Desktop,1480,1314,166,561,156,19.69,53,28,42.69,27.81,14.1,8692.79,10.54
2025-10-11,WhatsApp,WhatsApp Campaign 13,Australia,Tablet,2659,2524,135,1482,402,4.41,104,111,58.72,27.13,26.87,30622.63,15.12
2025-09-14,WhatsApp,WhatsApp Campaign 1,USA,Desktop,1754,1734,20,369,87,2.24,68,52,21.28,23.58,14.94,1487.4,4.96
2025-10-10,WhatsApp,WhatsApp Campaign 17,Australia,Tablet,1611,1451,160,623,187,5.79,56,67,42.94,30.02,11.76,3083.74,11.61
2025-10-02,WhatsApp,WhatsApp Campaign 14,USA,Tablet,3699,3353,346,817,124,8.26,94,59,24.37,15.18,24.19,10564.96,3.35
2025-09-04,WhatsApp,WhatsApp Campaign 2,UK,Tablet,3377,3050,327,1767,303,18.23,75,28,57.93,17.15,26.4,29906.62,8.97
2025-08-19,WhatsApp,WhatsApp Campaign 7,India,Mobile,4019,3514,505,1615,172,14.35,99,132,45.96,10.65,17.44,8556.21,4.28
2025-11-05,Email,Email Campaign 4,USA,Desktop,2821,2443,378,1440,326,5.64,101,17,58.94,22.64,17.79,25183.85,11.56
2025-10-24,WhatsApp,WhatsApp Campaign 15,UK,Tablet,2266,2147,119,939,188,9.24,60,82,43.74,20.02,15.43,8151.71,8.3
2025-09-12,WhatsApp,WhatsApp Campaign 19,USA,Mobile,2904,2611,293,1402,335,18.44,129,70,53.7,23.89,25.37,35106.37,11.54
2025-09-25,Email,Email Campaign 4,Germany,Desktop,2570,2269,301,700,181,12.96,45,40,30.85,25.86,13.26,2352.94,7.04
2025-09-17,WhatsApp,WhatsApp Campaign 18,India,Desktop,3778,3267,511,1282,391,3.62,148,84,39.24,30.5,26.34,49640.42,10.35
2025-08-25,WhatsApp,WhatsApp Campaign 6,India,Desktop,804,744,60,434,51,9.62,25,31,58.33,11.75,19.61,3494.15,6.34
2025-11-10,WhatsApp,WhatsApp Campaign 20,Germany,Tablet,4933,4238,695,2541,651,1.31,171,192,59.96,25.62,9.68,5074.49,13.2
2025-10-25,Email,Email Campaign 8,UK,Tablet,3220,2846,374,1118,192,19.72,56,40,39.28,17.17,27.08,14504.81,5.96
2025-09-22,Email,Email Campaign 14,UK,Tablet,3370,3294,76,1540,322,13.42,57,132,46.75,20.91,27.02,39876.68,9.55
2025-11-09,Email,Email Campaign 7,India,Mobile,3522,3439,83,1270,478,15.32,40,107,36.93,37.64,24.9,32579.45,13.57
2025-08-24,Email,Email Campaign 1,Australia,Desktop,4672,4531,141,2655,776,7.88,216,25,58.6,29.23,23.07,21778.92,16.61
2025-10-08,Email,Email Campaign 19,USA,Desktop,796,701,95,326,78,11.73,19,30,46.5,23.93,25.64,8027.78,9.8
2025-09-14,WhatsApp,WhatsApp Campaign 14,USA,Desktop,3351,3108,243,1213,450,15.72,74,23,39.03,37.1,14.44,9501.9,13.43
2025-10-08,Email,Email Campaign 2,USA,Mobile,2388,2327,61,905,126,19.18,85,55,38.89,13.92,14.29,4220.49,5.28
2025-11-15,WhatsApp,WhatsApp Campaign 9,USA,Desktop,537,528,9,260,70,1.68,21,17,49.24,26.92,17.14,3419.91,13.04
2025-08-31,Email,Email Campaign 8,India,Mobile,1658,1523,135,814,297,6.29,58,64,53.45,36.49,22.22,31393.85,17.91
2025-11-15,Email,Email Campaign 13,India,Desktop,1031,945,86,409,70,6.49,38,34,43.28,17.11,24.29,1038.06,6.79
2025-08-28,WhatsApp,WhatsApp Campaign 5,USA,Desktop,679,655,24,165,56,12.41,27,18,25.19,33.94,8.93,558.25,8.25
2025-10-24,Email,Email Campaign 11,India,Tablet,4531,3968,563,2164,626,12.7,157,78,54.54,28.93,5.11,10200.48,13.82
2025-11-08,Email,Email Campaign 10,Germany,Desktop,945,914,31,263,76,9.49,18,16,28.77,28.9,28.95,10687.93,8.04
2025-10-24,WhatsApp,WhatsApp Campaign 18,India,Tablet,641,572,69,153,60,3.28,13,17,26.75,39.22,5.0,271.02,9.36
2025-11-04,Email,Email Campaign 4,Germany,Mobile,3236,3008,228,1044,270,9.55,143,53,34.71,25.86,13.7,2528.81,8.34
2025-08-25,Email,Email Campaign 10,Germany,Desktop,1377,1325,52,770,227,15.62,18,0,58.11,29.48,22.91,5387.44,16.49
2025-11-13,WhatsApp,WhatsApp Campaign 10,UK,Tablet,2040,1909,131,867,168,1.68,60,57,45.42,19.38,7.14,3772.42,8.24
2025-10-04,Email,Email Campaign 15,India,Tablet,529,493,36,228,74,1.8,12,3,46.25,32.46,8.11,1381.73,13.99
2025-11-06,WhatsApp,WhatsApp Campaign 16,UK,Mobile,3953,3881,72,1458,187,3.62,124,183,37.57,12.83,19.79,6559.82,4.73
2025-08-31,WhatsApp,WhatsApp Campaign 1,Germany,Tablet,3422,3059,363,1509,323,14.07,80,92,49.33,21.4,27.24,34826.5,9.44
2025-10-15,WhatsApp,WhatsApp Campaign 12,UK,Desktop,4273,3961,312,1231,296,7.78,110,37,31.08,24.05,25.68,18169.16,6.93
2025-11-07,Email,Email Campaign 5,USA,Tablet,1140,993,147,484,127,6.12,40,0,48.74,26.24,22.83,6127.34,11.14
2025-11-06,Email,Email Campaign 16,USA,Mobile,1692,1674,18,779,230,19.55,36,30,46.54,29.53,22.17,5597.94,13.59
2025-09-03,Email,Email Campaign 16,India,Mobile,3539,3328,211,1219,433,13.8,141,123,36.63,35.52,11.32,20982.5,12.24
2025-08-22,Email,Email Campaign 18,UK,Mobile,3159,2900,259,1347,328,7.75,30,1,46.45,24.35,12.2,13592.36,10.38
2025-09-24,WhatsApp,WhatsApp Campaign 9,Australia,Tablet,2158,1924,234,405,145,5.02,51,17,21.05,35.8,13.79,5603.16,6.72
2025-10-26,Email,Email Campaign 20,India,Desktop,3657,3561,96,820,264,8.13,177,69,23.03,32.2,7.95,8914.96,7.22
2025-08-24,WhatsApp,WhatsApp Campaign 18,Australia,Mobile,4147,3931,216,2082,287,14.72,188,137,52.96,13.78,5.23,7059.6,6.92
2025-10-29,WhatsApp,WhatsApp Campaign 19,Australia,Mobile,3652,3199,453,823,89,18.57,80,98,25.73,10.81,13.48,3845.73,2.44
2025-10-14,WhatsApp,WhatsApp Campaign 15,Germany,Mobile,3271,3214,57,765,132,3.62,62,18,23.8,17.25,12.12,1443.69,4.04
2025-08-25,Email,Email Campaign 18,USA,Tablet,2361,2144,217,1042,346,12.87,50,21,48.6,33.21,9.83,12740.62,14.65
2025-09-23,WhatsApp,WhatsApp Campaign 16,USA,Tablet,3640,3373,267,1099,366,5.46,164,110,32.58,33.3,12.02,16457.3,10.05
2025-08-22,Email,Email Campaign 12,USA,Desktop,1723,1674,49,988,285,16.47,32,65,59.02,28.85,7.72,7226.15,16.54
2025-10-03,Email,Email Campaign 16,Germany,Desktop,3343,3137,206,742,215,15.56,63,78,23.65,28.98,8.84,5284.15,6.43
2025-11-14,Email,Email Campaign 16,Australia,Mobile,2424,2313,111,820,132,10.41,65,81,35.45,16.1,24.24,12190.29,5.45
2025-08-19,WhatsApp,WhatsApp Campaign 10,Germany,Tablet,3808,3647,161,1228,452,17.1,108,172,33.67,36.81,6.19,4613.65,11.87
2025-10-05,WhatsApp,WhatsApp Campaign 7,Germany,Mobile,1321,1236,85,463,159,11.0,51,31,37.46,34.34,23.27,8603.45,12.04
2025-10-01,Email,Email Campaign 14,Germany,Tablet,539,528,11,244,71,15.49,23,2,46.21,29.1,5.63,1696.51,13.17
2025-10-16,WhatsApp,WhatsApp Campaign 8,UK,Desktop,4656,4462,194,2454,707,7.02,84,78,55.0,28.81,23.2,15833.75,15.18
2025-09-20,Email,Email Campaign 20,India,Mobile,1461,1405,56,717,175,5.99,30,35,51.03,24.41,23.43,8536.49,11.98
2025-10-29,WhatsApp,WhatsApp Campaign 8,Australia,Mobile,4357,4140,217,1191,364,16.38,59,163,28.77,30.56,6.59,6603.51,8.35
2025-08-20,Email,Email Campaign 8,Germany,Desktop,3589,3369,220,1807,235,19.94,135,129,53.64,13.0,14.89,12395.2,6.55
2025-10-09,WhatsApp,WhatsApp Campaign 8,UK,Mobile,1987,1795,192,571,186,11.36,54,63,31.81,32.57,9.14,1843.19,9.36
2025-10-05,WhatsApp,WhatsApp Campaign 13,Australia,Mobile,4223,4092,131,2299,895,17.91,78,10,56.18,38.93,4.92,2292.79,21.19
2025-09-19,Email,Email Campaign 19,Germany,Mobile,3285,3022,263,830,218,4.11,41,108,27.47,26.27,21.1,11993.22,6.64
2025-09-22,WhatsApp,WhatsApp Campaign 4,Germany,Mobile,4368,3948,420,1336,240,2.76,73,122,33.84,17.96,14.58,14125.37,5.49
2025-09-02,Email,Email Campaign 20,Germany,Desktop,1294,1185,109,679,143,14.17,35,10,57.3,21.06,19.58,7833.83,11.05
2025-08-23,WhatsApp,WhatsApp Campaign 10,Germany,Desktop,584,497,87,136,20,8.76,14,13,27.36,14.71,10.0,120.83,3.42
2025-09-03,WhatsApp,WhatsApp Campaign 18,Germany,Mobile,3265,2914,351,1268,226,1.25,38,51,43.51,17.82,5.75,1492.83,6.92
2025-09-03,WhatsApp,WhatsApp Campaign 19,Germany,Mobile,925,848,77,274,64,1.17,24,24,32.31,23.36,7.81,1764.1,6.92
2025-10-23,WhatsApp,WhatsApp Campaign 1,Germany,Desktop,3294,2950,344,1549,570,7.93,129,15,52.51,36.8,7.19,18250.85,17.3
2025-10-03,WhatsApp,WhatsApp Campaign 20,Australia,Desktop,3101,2839,262,682,263,15.28,113,56,24.02,38.56,29.28,17261.26,8.48
2025-11-10,Email,Email Campaign 9,India,Mobile,829,728,101,152,52,5.27,15,10,20.88,34.21,17.31,635.67,6.27
2025-09-01,Email,Email Campaign 19,USA,Tablet,4099,3825,274,1656,178,10.56,50,175,43.29,10.75,9.55,4694.02,4.34
2025-11-10,Email,Email Campaign 12,Germany,Tablet,1585,1485,100,550,193,7.24,55,28,37.04,35.09,21.76,15357.63,12.18
2025-09-24,WhatsApp,WhatsApp Campaign 12,Germany,Mobile,3207,3009,198,1188,421,17.54,67,22,39.48,35.44,23.52,10845.03,13.13
