Date,Campaign,AdGroup,Keyword,Device,Country,Impressions,Clicks,CTR,CPC,Cost,Conversions,ConversionRate,Revenue,ROAS,Organic_Impressions,Organic_Clicks,Organic_CTR,Bounce_Rate,Avg_Time_on_Page_sec,Page_Position,Backlinks
2025-11-13,Search Campaign 2,AdGroup C,electronics,Desktop,Canada,3451,679,0.1968,1.14,774.06,40,0.0589,4803.24,6.21,1775,159,0.0896,0.29,238.43,6.69,143
2025-10-31,Search Campaign 2,AdGroup B,headphones,Mobile,India,991,147,0.1483,1.58,232.26,2,0.0136,87.52,0.38,4709,82,0.0174,0.69,236.76,6.76,174
2025-09-29,Search Campaign 1,AdGroup A,headphones,Tablet,Germany,9347,1779,0.1903,2.44,4340.76,172,0.0967,22424.03,5.17,4496,83,0.0185,0.22,26.93,9.0,60
2025-10-29,Shopping Campaign,AdGroup C,fashion,Desktop,India,563,53,0.0941,2.63,139.39,2,0.0377,263.31,1.89,267,61,0.2285,0.44,160.26,5.25,146
2025-09-07,Search Campaign 1,AdGroup C,sportswear,Tablet,US,9648,1325,0.1373,2.79,3696.75,212,0.16,20648.01,5.59,2047,174,0.085,0.69,290.48,4.82,138
2025-11-05,Search Campaign 2,AdGroup C,fashion,Tablet,India,3423,513,0.1499,4.48,2298.24,91,0.1774,9398.56,4.09,2358,100,0.0424,0.69,193.77,6.66,66
2025-10-22,Search Campaign 2,AdGroup A,electronics,Mobile,India,7535,538,0.0714,0.31,166.78,34,0.0632,5405.84,32.41,4265,184,0.0431,0.37,217.52,4.12,116
2025-10-19,Shopping Campaign,AdGroup B,fashion,Mobile,US,3834,280,0.073,4.23,1184.4,37,0.1321,5433.89,4.59,523,101,0.1931,0.5,197.19,3.32,75
2025-10-25,Search Campaign 2,AdGroup B,headphones,Mobile,India,2847,442,0.1553,4.67,2064.14,16,0.0362,1382.88,0.67,3501,69,0.0197,0.35,237.16,8.91,0
2025-10-30,Shopping Campaign,AdGroup A,sportswear,Mobile,Germany,3096,473,0.1528,3.01,1423.73,76,0.1607,3285.93,2.31,3160,385,0.1218,0.61,70.2,7.25,52
2025-09-14,Display Campaign 1,AdGroup B,fashion,Desktop,UK,1452,246,0.1694,1.87,460.02,35,0.1423,3036.15,6.6,2301,480,0.2086,0.37,209.95,7.3,160
2025-09-19,Shopping Campaign,AdGroup A,headphones,Desktop,UK,5915,1010,0.1708,4.38,4423.8,191,0.1891,17930.26,4.05,3703,528,0.1426,0.57,146.4,2.78,163
2025-08-24,Search Campaign 2,AdGroup A,shoes,Tablet,Germany,6166,956,0.155,1.51,1443.56,19,0.0199,307.5,0.21,135,5,0.037,0.35,117.18,8.38,27
2025-11-03,Search Campaign 1,AdGroup B,electronics,Tablet,Germany,3237,234,0.0723,0.5,117.0,5,0.0214,845.77,7.23,82,11,0.1341,0.2,98.19,5.54,144
2025-10-12,Shopping Campaign,AdGroup B,fashion,Mobile,Canada,4540,435,0.0958,2.48,1078.8,74,0.1701,9496.34,8.8,274,34,0.1241,0.79,214.19,9.47,110
2025-08-31,Search Campaign 1,AdGroup A,electronics,Desktop,Germany,9549,692,0.0725,1.86,1287.12,99,0.1431,5172.37,4.02,3870,161,0.0416,0.57,134.35,9.25,11
2025-10-16,Display Campaign 1,AdGroup A,sportswear,Tablet,US,2698,276,0.1023,0.23,63.48,38,0.1377,1149.28,18.1,3577,795,0.2223,0.74,47.72,6.81,101
2025-10-26,Shopping Campaign,AdGroup A,shoes,Desktop,US,5612,1095,0.1951,1.9,2080.5,28,0.0256,5044.57,2.42,108,30,0.2778,0.3,115.31,8.74,71
2025-09-27,Shopping Campaign,AdGroup C,laptop,Tablet,UK,9901,539,0.0544,3.9,2102.1,110,0.2041,12957.68,6.16,3078,171,0.0556,0.72,20.73,7.12,95
2025-09-21,Display Campaign 1,AdGroup B,electronics,Tablet,UK,4614,256,0.0555,4.82,1233.92,9,0.0352,1275.8,1.03,2860,397,0.1388,0.39,143.5,1.14,176
2025-08-18,Display Campaign 1,AdGroup B,headphones,Desktop,Canada,8923,804,0.0901,0.8,643.2,26,0.0323,3716.14,5.78,3940,566,0.1437,0.48,31.42,8.23,111
2025-11-02,Search Campaign 2,AdGroup B,electronics,Tablet,Germany,8732,1439,0.1648,1.59,2288.01,192,0.1334,3439.35,1.5,3916,626,0.1599,0.78,24.51,4.0,93
2025-11-03,Search Campaign 2,AdGroup C,headphones,Mobile,US,4993,684,0.137,4.89,3344.76,71,0.1038,6817.39,2.04,3893,102,0.0262,0.64,223.42,4.89,153
2025-09-30,Display Campaign 1,AdGroup B,shoes,Mobile,Canada,5803,916,0.1578,1.18,1080.88,48,0.0524,6553.19,6.06,3741,520,0.139,0.68,207.17,7.97,161
2025-10-07,Display Campaign 1,AdGroup B,fashion,Mobile,India,8486,741,0.0873,2.02,1496.82,93,0.1255,17741.73,11.85,3781,849,0.2245,0.63,83.76,7.98,133
2025-10-19,Display Campaign 1,AdGroup C,headphones,Mobile,Canada,9200,669,0.0727,0.61,408.09,22,0.0329,345.96,0.85,1287,211,0.1639,0.22,91.48,1.77,133
2025-11-10,Search Campaign 2,AdGroup B,headphones,Desktop,India,4688,636,0.1357,3.69,2346.84,92,0.1447,16912.33,7.21,4446,163,0.0367,0.66,109.63,6.63,80
2025-10-18,Shopping Campaign,AdGroup A,headphones,Tablet,UK,3892,308,0.0791,2.52,776.16,38,0.1234,3057.9,3.94,3595,260,0.0723,0.6,210.85,9.63,145
2025-09-26,Shopping Campaign,AdGroup B,laptop,Tablet,US,1996,71,0.0356,0.84,59.64,6,0.0845,900.49,15.1,2906,700,0.2409,0.23,61.22,8.36,130
2025-08-27,Search Campaign 2,AdGroup C,laptop,Mobile,India,5528,577,0.1044,3.41,1967.57,37,0.0641,3532.71,1.8,2539,627,0.2469,0.76,285.67,6.37,89
2025-08-21,Shopping Campaign,AdGroup C,laptop,Mobile,Germany,9416,1124,0.1194,4.97,5586.28,99,0.0881,13262.7,2.37,2906,683,0.235,0.67,280.31,4.35,10
2025-09-01,Display Campaign 1,AdGroup C,laptop,Tablet,US,5983,691,0.1155,2.99,2066.09,52,0.0753,2220.43,1.07,2152,40,0.0186,0.47,95.81,4.7,53
2025-10-01,Display Campaign 1,AdGroup B,electronics,Tablet,India,3538,108,0.0305,3.82,412.56,13,0.1204,950.17,2.3,3828,589,0.1539,0.6,46.7,8.98,134
2025-10-25,Search Campaign 1,AdGroup B,electronics,Desktop,US,5170,459,0.0888,4.36,2001.24,58,0.1264,3946.19,1.97,1060,96,0.0906,0.75,257.68,1.21,191
2025-10-29,Search Campaign 1,AdGroup B,headphones,Tablet,US,2757,489,0.1774,3.57,1745.73,82,0.1677,8907.33,5.1,1659,373,0.2248,0.7,37.07,1.91,137
2025-10-20,Search Campaign 1,AdGroup A,headphones,Mobile,Canada,205,47,0.2293,1.47,69.09,8,0.1702,633.65,9.17,1319,198,0.1501,0.37,107.59,2.85,106
2025-10-03,Shopping Campaign,AdGroup C,electronics,Tablet,US,6530,321,0.0492,0.37,118.77,39,0.1215,461.16,3.88,2368,150,0.0633,0.53,215.85,5.32,77
2025-09-13,Shopping Campaign,AdGroup A,shoes,Desktop,Canada,7334,1140,0.1554,1.01,1151.4,110,0.0965,13293.5,11.55,1234,163,0.1321,0.24,149.84,6.16,10
2025-10-18,Shopping Campaign,AdGroup B,laptop,Desktop,Canada,2662,545,0.2047,3.02,1645.9,53,0.0972,9409.39,5.72,2072,130,0.0627,0.23,63.03,8.68,178
2025-10-09,Shopping Campaign,AdGroup B,laptop,Tablet,Germany,8414,793,0.0942,2.85,2260.05,36,0.0454,5526.96,2.45,3249,765,0.2355,0.24,75.47,8.11,42
2025-09-28,Shopping Campaign,AdGroup C,shoes,Mobile,UK,9542,1800,0.1886,1.43,2574.0,292,0.1622,54592.43,21.21,1025,213,0.2078,0.59,25.73,7.47,137
2025-08-21,Search Campaign 2,AdGroup A,fashion,Mobile,India,150,9,0.06,4.39,39.51,0,0.0,0.0,0.0,4924,692,0.1405,0.79,222.74,7.32,65
2025-11-12,Search Campaign 2,AdGroup C,headphones,Desktop,Canada,3237,433,0.1338,3.78,1636.74,18,0.0416,2300.93,1.41,4904,992,0.2023,0.27,121.07,1.63,25
2025-10-11,Search Campaign 2,AdGroup B,laptop,Desktop,Germany,4834,316,0.0654,3.6,1137.6,44,0.1392,6620.14,5.82,305,83,0.2721,0.66,287.01,7.29,15
2025-09-15,Search Campaign 1,AdGroup C,electronics,Tablet,India,5917,145,0.0245,2.09,303.05,24,0.1655,3027.85,9.99,4410,230,0.0522,0.7,245.41,7.82,149
2025-10-09,Shopping Campaign,AdGroup A,headphones,Desktop,UK,5467,204,0.0373,3.22,656.88,22,0.1078,784.32,1.19,1138,100,0.0879,0.44,139.63,1.15,71
2025-09-23,Shopping Campaign,AdGroup C,fashion,Desktop,UK,9911,1052,0.1061,2.0,2104.0,100,0.0951,4103.24,1.95,66,10,0.1515,0.57,226.25,3.35,115
2025-08-22,Display Campaign 1,AdGroup A,shoes,Tablet,Canada,5839,773,0.1324,2.68,2071.64,82,0.1061,5148.37,2.49,301,12,0.0399,0.53,222.3,9.0,97
2025-08-27,Search Campaign 1,AdGroup A,electronics,Mobile,UK,5662,900,0.159,4.01,3609.0,173,0.1922,30925.34,8.57,2996,498,0.1662,0.7,60.67,2.59,192
2025-10-04,Search Campaign 2,AdGroup C,fashion,Mobile,UK,3720,602,0.1618,2.22,1336.44,58,0.0963,11047.78,8.27,452,24,0.0531,0.79,53.21,6.93,100
2025-08-17,Display Campaign 1,AdGroup B,headphones,Mobile,Germany,7440,424,0.057,1.52,644.48,49,0.1156,1369.77,2.13,1380,174,0.1261,0.75,262.11,2.77,19
2025-09-12,Search Campaign 1,AdGroup A,electronics,Desktop,India,7445,244,0.0328,0.82,200.08,10,0.041,785.53,3.93,3389,566,0.167,0.25,261.96,2.95,69
2025-11-08,Display Campaign 1,AdGroup C,shoes,Mobile,Canada,5940,610,0.1027,3.18,1939.8,31,0.0508,4625.07,2.38,1295,293,0.2263,0.65,231.74,3.17,147
2025-10-31,Search Campaign 1,AdGroup C,laptop,Tablet,India,834,102,0.1223,2.39,243.78,12,0.1176,649.42,2.66,4699,1135,0.2415,0.21,115.73,5.83,150
2025-09-19,Search Campaign 2,AdGroup A,shoes,Mobile,Germany,4752,620,0.1305,1.43,886.6,18,0.029,2294.06,2.59,2227,116,0.0521,0.76,293.51,2.75,184
2025-09-01,Search Campaign 1,AdGroup A,laptop,Tablet,UK,7882,133,0.0169,4.48,595.84,29,0.218,3992.01,6.7,2032,150,0.0738,0.48,299.71,8.38,144
2025-10-28,Search Campaign 2,AdGroup C,shoes,Desktop,India,2829,538,0.1902,1.51,812.38,56,0.1041,733.19,0.9,3873,934,0.2412,0.38,108.66,6.83,154
2025-10-17,Display Campaign 1,AdGroup B,laptop,Desktop,India,2803,307,0.1095,2.81,862.67,41,0.1336,2609.73,3.03,1932,254,0.1315,0.6,80.34,7.78,154
2025-09-18,Search Campaign 2,AdGroup C,headphones,Mobile,UK,3602,264,0.0733,2.8,739.2,1,0.0038,187.78,0.25,3641,533,0.1464,0.52,233.53,7.85,173
2025-11-01,Search Campaign 2,AdGroup A,headphones,Desktop,UK,9705,651,0.0671,4.12,2682.12,43,0.0661,8141.29,3.04,914,60,0.0656,0.79,268.5,8.31,146
2025-09-12,Search Campaign 1,AdGroup A,electronics,Desktop,India,3702,287,0.0775,2.22,637.14,47,0.1638,7485.52,11.75,961,30,0.0312,0.5,197.39,5.62,157
2025-08-28,Display Campaign 1,AdGroup B,sportswear,Tablet,UK,5549,615,0.1108,4.38,2693.7,42,0.0683,6333.17,2.35,3134,236,0.0753,0.48,68.52,4.02,193
2025-11-12,Display Campaign 1,AdGroup C,sportswear,Desktop,US,5449,565,0.1037,0.81,457.65,74,0.131,11967.22,26.15,1653,340,0.2057,0.58,75.8,7.71,69
2025-09-10,Search Campaign 2,AdGroup B,fashion,Desktop,Canada,1518,231,0.1522,4.75,1097.25,49,0.2121,3011.66,2.74,1199,222,0.1852,0.75,59.93,7.14,178
2025-11-04,Search Campaign 2,AdGroup A,sportswear,Mobile,UK,8398,700,0.0834,1.33,931.0,119,0.17,19808.12,21.28,4808,680,0.1414,0.33,31.52,2.04,170
2025-08-30,Search Campaign 2,AdGroup B,laptop,Desktop,India,798,125,0.1566,0.43,53.75,24,0.192,1630.15,30.33,439,64,0.1458,0.54,60.37,5.81,112
2025-09-13,Search Campaign 2,AdGroup C,fashion,Tablet,Germany,2298,182,0.0792,2.21,402.22,31,0.1703,994.08,2.47,3386,282,0.0833,0.48,269.66,2.03,85
2025-10-08,Search Campaign 1,AdGroup B,shoes,Tablet,Germany,7361,579,0.0787,3.0,1737.0,12,0.0207,1461.97,0.84,1194,258,0.2161,0.2,149.49,4.95,153
2025-08-17,Search Campaign 2,AdGroup B,sportswear,Mobile,UK,2298,187,0.0814,3.61,675.07,11,0.0588,1689.61,2.5,1363,225,0.1651,0.27,97.73,2.02,154
2025-09-10,Display Campaign 1,AdGroup C,electronics,Mobile,India,351,54,0.1538,3.56,192.24,6,0.1111,198.94,1.03,4094,269,0.0657,0.41,22.55,7.03,87
2025-11-05,Search Campaign 1,AdGroup A,shoes,Tablet,Canada,6098,764,0.1253,4.0,3056.0,120,0.1571,2220.35,0.73,4577,804,0.1757,0.23,253.97,3.89,150
2025-08-21,Search Campaign 1,AdGroup A,fashion,Desktop,UK,2210,356,0.1611,1.21,430.76,32,0.0899,4425.43,10.27,2010,294,0.1463,0.72,122.75,5.86,42
2025-08-29,Search Campaign 1,AdGroup C,headphones,Tablet,UK,7860,500,0.0636,4.42,2210.0,25,0.05,1237.14,0.56,3624,571,0.1576,0.35,114.16,7.26,112
2025-09-05,Search Campaign 2,AdGroup A,fashion,Mobile,India,7843,564,0.0719,2.99,1686.36,51,0.0904,9175.52,5.44,1104,130,0.1178,0.65,207.41,2.72,15
2025-08-18,Search Campaign 2,AdGroup C,electronics,Tablet,US,6577,141,0.0214,1.25,176.25,12,0.0851,2321.89,13.17,915,25,0.0273,0.46,128.31,5.76,183
2025-11-16,Search Campaign 1,AdGroup B,electronics,Tablet,India,5698,375,0.0658,4.51,1691.25,29,0.0773,410.34,0.24,3766,474,0.1259,0.26,25.4,2.86,142
2025-10-22,Display Campaign 1,AdGroup C,sportswear,Mobile,India,8608,577,0.067,2.11,1217.47,47,0.0815,6577.62,5.4,4682,175,0.0374,0.79,49.83,1.19,97
2025-10-05,Search Campaign 2,AdGroup C,shoes,Desktop,Germany,5369,664,0.1237,1.37,909.68,63,0.0949,3460.2,3.8,3939,227,0.0576,0.49,240.12,8.72,167
2025-10-31,Shopping Campaign,AdGroup A,sportswear,Desktop,Canada,305,51,0.1672,1.38,70.38,3,0.0588,307.11,4.36,4925,574,0.1165,0.52,98.44,2.81,148
2025-10-25,Display Campaign 1,AdGroup A,sportswear,Tablet,India,7001,896,0.128,4.58,4103.68,110,0.1228,8342.63,2.03,4670,985,0.2109,0.66,115.65,5.51,131
2025-10-23,Search Campaign 1,AdGroup A,headphones,Mobile,UK,7044,236,0.0335,1.6,377.6,17,0.072,502.42,1.33,3424,585,0.1709,0.52,208.47,4.01,9
2025-10-16,Search Campaign 1,AdGroup A,shoes,Desktop,Canada,1688,138,0.0818,0.79,109.02,27,0.1957,1466.14,13.45,2588,221,0.0854,0.33,109.82,3.38,123
2025-08-22,Shopping Campaign,AdGroup B,shoes,Mobile,Germany,8036,257,0.032,2.13,547.41,40,0.1556,1731.91,3.16,351,30,0.0855,0.53,85.73,3.89,117
2025-09-30,Shopping Campaign,AdGroup C,electronics,Desktop,US,4267,110,0.0258,1.28,140.8,13,0.1182,1957.09,13.9,656,169,0.2576,0.34,122.6,4.46,126
2025-11-06,Shopping Campaign,AdGroup B,sportswear,Tablet,UK,4365,264,0.0605,0.16,42.24,4,0.0152,620.89,14.7,4310,614,0.1425,0.7,297.32,7.48,122
2025-09-04,Search Campaign 1,AdGroup B,fashion,Desktop,UK,2098,87,0.0415,4.56,396.72,8,0.092,575.68,1.45,2118,175,0.0826,0.3,115.52,4.73,160
2025-10-18,Search Campaign 1,AdGroup B,laptop,Desktop,Canada,9261,457,0.0493,4.87,2225.59,49,0.1072,5239.62,2.35,4699,1034,0.22,0.7,56.39,9.98,171
2025-10-03,Shopping Campaign,AdGroup A,laptop,Mobile,UK,6257,1011,0.1616,2.89,2921.79,122,0.1207,7687.43,2.63,4367,142,0.0325,0.73,210.34,1.37,160
2025-09-03,Search Campaign 1,AdGroup B,headphones,Desktop,UK,3474,504,0.1451,1.81,912.24,91,0.1806,5948.32,6.52,2748,216,0.0786,0.71,227.82,5.4,197
2025-08-17,Shopping Campaign,AdGroup B,headphones,Tablet,Canada,4507,757,0.168,4.81,3641.17,36,0.0476,3977.14,1.09,3791,128,0.0338,0.52,177.29,9.95,189
2025-08-19,Search Campaign 1,AdGroup C,laptop,Desktop,UK,4542,316,0.0696,3.53,1115.48,33,0.1044,845.39,0.76,4103,380,0.0926,0.3,144.06,3.07,61
2025-09-11,Search Campaign 2,AdGroup A,electronics,Tablet,India,3241,44,0.0136,1.08,47.52,4,0.0909,583.2,12.27,605,51,0.0843,0.49,30.83,4.5,99
2025-09-14,Display Campaign 1,AdGroup C,headphones,Desktop,Germany,3749,105,0.028,0.86,90.3,3,0.0286,380.74,4.22,4118,490,0.119,0.61,188.2,6.63,178
2025-08-25,Display Campaign 1,AdGroup C,shoes,Desktop,UK,534,98,0.1835,3.39,332.22,6,0.0612,106.38,0.32,3299,399,0.1209,0.29,295.83,2.78,88
2025-09-29,Search Campaign 2,AdGroup A,sportswear,Tablet,US,2168,236,0.1089,1.21,285.56,30,0.1271,3284.23,11.5,2916,449,0.154,0.73,40.35,1.83,139
2025-10-21,Search Campaign 2,AdGroup A,electronics,Mobile,UK,9806,1614,0.1646,4.22,6811.08,248,0.1537,16174.05,2.37,1802,332,0.1842,0.4,84.89,1.64,136
2025-10-13,Display Campaign 1,AdGroup A,laptop,Desktop,Germany,3944,770,0.1952,4.34,3341.8,84,0.1091,14237.06,4.26,3967,298,0.0751,0.62,20.1,7.78,173
2025-08-26,Search Campaign 1,AdGroup C,shoes,Mobile,India,9165,651,0.071,0.9,585.9,87,0.1336,13079.87,22.32,4214,219,0.052,0.47,37.29,1.8,0
2025-11-07,Display Campaign 1,AdGroup C,sportswear,Tablet,UK,5211,830,0.1593,0.77,639.1,126,0.1518,23613.33,36.95,1459,317,0.2173,0.33,278.66,5.52,27
2025-10-21,Search Campaign 2,AdGroup B,fashion,Mobile,Canada,5759,95,0.0165,2.6,247.0,16,0.1684,3029.19,12.26,2840,600,0.2113,0.22,34.68,7.48,25
2025-08-31,Display Campaign 1,AdGroup C,laptop,Tablet,Germany,1384,215,0.1553,1.08,232.2,7,0.0326,922.99,3.97,1487,314,0.2112,0.33,150.22,3.72,117
2025-10-24,Search Campaign 1,AdGroup C,sportswear,Mobile,Canada,2156,203,0.0942,4.99,1012.97,17,0.0837,1474.88,1.46,3997,39,0.0098,0.73,28.85,8.97,44
2025-09-25,Search Campaign 1,AdGroup B,laptop,Tablet,India,5190,784,0.1511,0.37,290.08,72,0.0918,12570.54,43.33,2626,271,0.1032,0.64,105.66,5.96,141
2025-09-16,Shopping Campaign,AdGroup A,sportswear,Desktop,Canada,3265,414,0.1268,4.22,1747.08,62,0.1498,5763.49,3.3,4312,289,0.067,0.34,41.05,4.02,54
2025-10-03,Search Campaign 2,AdGroup B,fashion,Tablet,US,2485,122,0.0491,3.87,472.14,9,0.0738,1343.85,2.85,4505,604,0.1341,0.66,147.94,6.48,127
2025-09-20,Search Campaign 1,AdGroup A,headphones,Desktop,Canada,1818,327,0.1799,2.82,922.14,44,0.1346,4834.84,5.24,4872,743,0.1525,0.59,137.78,3.8,33
2025-09-11,Shopping Campaign,AdGroup B,shoes,Mobile,UK,7598,247,0.0325,4.57,1128.79,9,0.0364,590.66,0.52,2898,229,0.079,0.55,258.33,6.3,29
2025-10-09,Shopping Campaign,AdGroup B,sportswear,Mobile,US,6012,1030,0.1713,3.56,3666.8,102,0.099,5814.17,1.59,1665,270,0.1622,0.3,243.73,2.55,51
2025-09-17,Display Campaign 1,AdGroup B,sportswear,Mobile,UK,9900,1215,0.1227,4.12,5005.8,229,0.1885,31357.27,6.26,3160,77,0.0244,0.25,181.83,5.71,6
2025-09-23,Search Campaign 2,AdGroup C,sportswear,Desktop,UK,7435,1233,0.1658,0.54,665.82,219,0.1776,32866.13,49.36,2064,120,0.0581,0.58,123.08,2.29,123
2025-09-04,Shopping Campaign,AdGroup A,shoes,Mobile,US,134,8,0.0597,1.52,12.16,0,0.0,0.0,0.0,802,8,0.01,0.43,31.31,6.99,4
2025-09-16,Search Campaign 2,AdGroup A,sportswear,Tablet,Germany,8682,942,0.1085,3.45,3249.9,152,0.1614,2687.67,0.83,4369,1038,0.2376,0.21,211.82,7.84,197
2025-10-30,Search Campaign 2,AdGroup C,fashion,Tablet,Germany,9492,1232,0.1298,2.74,3375.68,114,0.0925,20283.89,6.01,4981,94,0.0189,0.39,275.78,2.08,186
2025-10-25,Display Campaign 1,AdGroup A,laptop,Mobile,UK,6761,988,0.1461,4.9,4841.2,52,0.0526,2837.3,0.59,1750,94,0.0537,0.55,98.13,7.78,99
2025-11-01,Shopping Campaign,AdGroup A,laptop,Tablet,India,7161,1294,0.1807,0.26,336.44,151,0.1167,12179.48,36.2,4515,193,0.0427,0.3,197.07,6.61,53
2025-10-20,Search Campaign 2,AdGroup B,shoes,Mobile,Germany,1629,279,0.1713,0.68,189.72,22,0.0789,1158.18,6.1,4506,787,0.1747,0.32,88.61,9.04,85
2025-10-24,Search Campaign 2,AdGroup C,electronics,Tablet,Canada,9239,869,0.0941,4.41,3832.29,30,0.0345,740.6,0.19,3271,790,0.2415,0.45,81.34,8.23,74
2025-11-02,Shopping Campaign,AdGroup C,shoes,Mobile,Germany,9546,1067,0.1118,1.93,2059.31,84,0.0787,13281.22,6.45,2853,641,0.2247,0.34,50.66,8.01,136
2025-10-13,Shopping Campaign,AdGroup C,fashion,Tablet,Canada,4066,453,0.1114,1.25,566.25,34,0.0751,4199.93,7.42,1893,183,0.0967,0.31,145.85,1.35,44
2025-09-13,Search Campaign 1,AdGroup C,sportswear,Tablet,US,4026,238,0.0591,2.46,585.48,38,0.1597,3019.39,5.16,1056,163,0.1544,0.41,188.39,5.58,70
2025-11-08,Shopping Campaign,AdGroup B,sportswear,Desktop,Germany,1095,201,0.1836,3.68,739.68,36,0.1791,1241.01,1.68,3843,765,0.1991,0.59,53.22,6.1,99
2025-08-26,Display Campaign 1,AdGroup B,laptop,Tablet,US,2593,216,0.0833,3.93,848.88,2,0.0093,101.84,0.12,1388,299,0.2154,0.36,129.53,5.57,156
2025-09-02,Search Campaign 1,AdGroup B,laptop,Tablet,Canada,8164,167,0.0205,2.38,397.46,9,0.0539,541.92,1.36,3507,572,0.1631,0.73,60.88,8.62,167
2025-08-29,Search Campaign 1,AdGroup A,sportswear,Tablet,India,657,130,0.1979,4.0,520.0,28,0.2154,4053.55,7.8,1707,180,0.1054,0.4,65.59,3.92,32
2025-09-21,Display Campaign 1,AdGroup C,electronics,Desktop,Germany,5592,470,0.084,4.03,1894.1,77,0.1638,10126.66,5.35,565,152,0.269,0.78,70.35,7.66,157
2025-09-20,Search Campaign 2,AdGroup B,shoes,Mobile,India,701,78,0.1113,2.94,229.32,2,0.0256,294.24,1.28,4717,1082,0.2294,0.29,240.69,6.27,63
2025-09-15,Search Campaign 2,AdGroup C,shoes,Mobile,India,1522,280,0.184,3.6,1008.0,32,0.1143,5421.37,5.38,3579,734,0.2051,0.72,294.72,5.18,151
2025-10-25,Display Campaign 1,AdGroup B,headphones,Desktop,Germany,6839,1311,0.1917,1.63,2136.93,53,0.0404,7741.22,3.62,1392,284,0.204,0.45,203.2,4.55,46
2025-08-29,Display Campaign 1,AdGroup B,fashion,Desktop,India,6667,502,0.0753,0.32,160.64,30,0.0598,2796.91,17.41,4807,1137,0.2365,0.21,277.7,7.08,107
2025-10-08,Display Campaign 1,AdGroup C,shoes,Desktop,Germany,3943,614,0.1557,2.62,1608.68,14,0.0228,2167.48,1.35,3683,48,0.013,0.46,223.86,3.28,40
2025-10-14,Display Campaign 1,AdGroup B,sportswear,Desktop,Canada,1876,380,0.2026,1.99,756.2,3,0.0079,460.04,0.61,1451,239,0.1647,0.28,64.73,7.9,123
2025-11-04,Shopping Campaign,AdGroup B,laptop,Tablet,Germany,4988,868,0.174,2.83,2456.44,135,0.1555,18389.23,7.49,1302,229,0.1759,0.56,159.37,3.1,34
2025-10-07,Shopping Campaign,AdGroup A,fashion,Desktop,US,4841,543,0.1122,3.93,2133.99,6,0.011,1021.24,0.48,3125,336,0.1075,0.49,27.71,2.76,170
2025-11-03,Shopping Campaign,AdGroup B,laptop,Desktop,Germany,1231,211,0.1714,4.29,905.19,36,0.1706,6789.31,7.5,3665,149,0.0407,0.21,182.9,3.22,80
2025-09-01,Display Campaign 1,AdGroup A,shoes,Tablet,UK,9782,601,0.0614,2.91,1748.91,87,0.1448,8616.84,4.93,1301,144,0.1107,0.54,153.23,6.22,183
2025-10-12,Search Campaign 1,AdGroup C,electronics,Mobile,UK,4343,115,0.0265,3.41,392.15,28,0.2435,1652.36,4.21,1484,290,0.1954,0.63,236.29,5.28,131
2025-10-17,Search Campaign 2,AdGroup C,shoes,Desktop,Canada,8834,1722,0.1949,2.85,4907.7,220,0.1278,21800.58,4.44,1688,302,0.1789,0.3,166.94,6.42,17
2025-11-08,Search Campaign 2,AdGroup A,headphones,Desktop,Canada,1998,145,0.0726,0.33,47.85,29,0.2,3918.52,81.89,327,39,0.1193,0.38,298.32,4.04,16
2025-11-04,Search Campaign 2,AdGroup C,electronics,Tablet,Canada,6631,492,0.0742,4.74,2332.08,71,0.1443,13690.04,5.87,1775,357,0.2011,0.21,283.96,2.18,54
2025-10-05,Search Campaign 1,AdGroup C,fashion,Desktop,US,591,111,0.1878,4.79,531.69,2,0.018,240.75,0.45,4057,290,0.0715,0.66,290.86,6.63,115
2025-11-01,Shopping Campaign,AdGroup B,electronics,Mobile,Germany,7927,1073,0.1354,0.91,976.43,85,0.0792,12936.95,13.25,3678,878,0.2387,0.46,230.06,4.77,97
2025-09-14,Search Campaign 2,AdGroup B,fashion,Mobile,US,3995,171,0.0428,4.9,837.9,23,0.1345,823.35,0.98,2912,303,0.1041,0.32,284.15,5.13,170
2025-08-23,Shopping Campaign,AdGroup C,fashion,Mobile,Canada,2734,266,0.0973,4.04,1074.64,15,0.0564,1459.06,1.36,2368,522,0.2204,0.32,57.63,2.26,55
2025-09-27,Shopping Campaign,AdGroup A,shoes,Desktop,Canada,9293,1744,0.1877,1.69,2947.36,283,0.1623,9292.79,3.15,929,196,0.211,0.65,50.61,8.56,146
2025-08-26,Display Campaign 1,AdGroup A,fashion,Tablet,India,6421,371,0.0578,4.81,1784.51,13,0.035,460.44,0.26,4642,794,0.171,0.76,238.97,2.73,43
2025-10-11,Shopping Campaign,AdGroup B,fashion,Tablet,US,1363,21,0.0154,3.67,77.07,4,0.1905,643.03,8.34,1117,172,0.154,0.63,201.93,7.61,75
2025-08-18,Search Campaign 2,AdGroup C,electronics,Desktop,US,2660,33,0.0124,1.23,40.59,3,0.0909,88.76,2.19,3359,204,0.0607,0.77,255.6,7.8,190
2025-08-27,Search Campaign 2,AdGroup A,shoes,Mobile,Germany,5386,663,0.1231,0.35,232.05,80,0.1207,5014.86,21.61,97,22,0.2268,0.78,30.88,5.2,79
2025-10-21,Search Campaign 2,AdGroup B,shoes,Mobile,India,2117,45,0.0213,4.46,200.7,2,0.0444,127.05,0.63,133,4,0.0301,0.49,98.75,4.74,4
2025-11-11,Shopping Campaign,AdGroup A,laptop,Tablet,India,8107,267,0.0329,3.48,929.16,19,0.0712,1680.76,1.81,4838,274,0.0566,0.3,184.47,7.73,167
2025-10-21,Display Campaign 1,AdGroup B,shoes,Desktop,UK,9327,311,0.0333,2.21,687.31,19,0.0611,1320.34,1.92,1552,412,0.2655,0.67,249.75,6.27,110
2025-10-09,Shopping Campaign,AdGroup A,electronics,Tablet,US,3505,40,0.0114,4.47,178.8,3,0.075,396.56,2.22,3643,772,0.2119,0.47,247.31,4.01,89
2025-09-23,Search Campaign 2,AdGroup B,shoes,Tablet,India,9406,510,0.0542,1.53,780.3,55,0.1078,4269.29,5.47,984,202,0.2053,0.7,209.71,6.83,80
2025-10-13,Display Campaign 1,AdGroup B,headphones,Tablet,US,6027,417,0.0692,1.05,437.85,68,0.1631,1661.43,3.79,1721,429,0.2493,0.27,63.56,7.01,29
2025-10-25,Display Campaign 1,AdGroup A,sportswear,Mobile,Canada,3946,296,0.075,3.59,1062.64,36,0.1216,3569.41,3.36,1463,294,0.201,0.61,70.39,7.07,71
2025-11-01,Search Campaign 1,AdGroup A,headphones,Mobile,US,6529,346,0.053,4.57,1581.22,37,0.1069,4348.98,2.75,3778,826,0.2186,0.39,120.85,1.06,136
2025-09-07,Search Campaign 2,AdGroup C,headphones,Desktop,India,5972,812,0.136,4.41,3580.92,43,0.053,1396.85,0.39,1940,252,0.1299,0.68,107.62,7.21,137
2025-08-27,Shopping Campaign,AdGroup B,shoes,Tablet,India,1836,336,0.183,1.83,614.88,47,0.1399,7759.35,12.62,3031,664,0.2191,0.52,67.3,7.01,92
2025-09-09,Shopping Campaign,AdGroup B,fashion,Desktop,UK,9456,210,0.0222,0.63,132.3,12,0.0571,203.98,1.54,86,3,0.0349,0.71,106.4,7.09,69
2025-11-05,Display Campaign 1,AdGroup B,fashion,Desktop,UK,9440,296,0.0314,4.67,1382.32,56,0.1892,7692.33,5.56,2177,64,0.0294,0.22,265.7,6.13,108
2025-11-14,Search Campaign 2,AdGroup A,laptop,Mobile,Canada,463,8,0.0173,3.31,26.48,1,0.125,48.82,1.84,3002,76,0.0253,0.34,65.34,2.98,31
2025-08-17,Search Campaign 2,AdGroup A,laptop,Desktop,UK,3932,550,0.1399,3.67,2018.5,35,0.0636,5450.24,2.7,757,19,0.0251,0.47,158.67,7.95,126
2025-10-26,Search Campaign 1,AdGroup C,fashion,Desktop,India,1665,260,0.1562,1.76,457.6,52,0.2,882.97,1.93,2874,125,0.0435,0.58,90.62,8.2,91
2025-11-16,Display Campaign 1,AdGroup C,headphones,Desktop,Germany,5287,387,0.0732,1.85,715.95,66,0.1705,1854.68,2.59,3608,209,0.0579,0.56,60.61,7.65,74
2025-10-02,Search Campaign 2,AdGroup A,laptop,Mobile,Germany,1441,46,0.0319,0.55,25.3,7,0.1522,1176.4,46.5,1382,78,0.0564,0.59,210.39,1.72,156
2025-09-16,Search Campaign 2,AdGroup B,laptop,Mobile,US,3821,460,0.1204,2.97,1366.2,69,0.15,2135.81,1.56,4873,1274,0.2614,0.55,221.84,2.42,42
2025-11-10,Search Campaign 2,AdGroup C,laptop,Tablet,Canada,9594,1443,0.1504,0.31,447.33,28,0.0194,3824.07,8.55,1607,351,0.2184,0.25,175.08,8.12,196
2025-10-07,Search Campaign 1,AdGroup B,laptop,Tablet,Canada,3120,165,0.0529,0.4,66.0,34,0.2061,3573.94,54.15,193,20,0.1036,0.24,25.97,5.44,192
2025-10-26,Search Campaign 1,AdGroup A,sportswear,Desktop,Germany,1937,305,0.1575,2.43,741.15,33,0.1082,5454.44,7.36,1975,382,0.1934,0.63,275.18,6.16,194
2025-09-30,Display Campaign 1,AdGroup C,laptop,Tablet,India,5549,908,0.1636,0.15,136.2,70,0.0771,11863.23,87.1,3267,639,0.1956,0.38,135.61,9.19,61
2025-09-18,Search Campaign 2,AdGroup A,laptop,Tablet,Canada,3301,619,0.1875,0.46,284.74,72,0.1163,9547.87,33.53,4719,524,0.111,0.55,219.12,3.13,146
2025-09-17,Search Campaign 2,AdGroup A,laptop,Tablet,Canada,8540,1589,0.1861,4.46,7086.94,128,0.0806,9990.74,1.41,2288,145,0.0634,0.57,150.06,1.56,163
2025-11-10,Display Campaign 1,AdGroup A,sportswear,Tablet,Germany,2749,301,0.1095,0.82,246.82,24,0.0797,2142.25,8.68,4257,97,0.0228,0.62,136.9,6.41,11
2025-11-10,Shopping Campaign,AdGroup C,laptop,Desktop,UK,5287,554,0.1048,0.3,166.2,10,0.0181,678.48,4.08,4600,911,0.198,0.22,46.45,8.6,0
2025-10-11,Shopping Campaign,AdGroup C,laptop,Desktop,Germany,6332,719,0.1136,2.65,1905.35,37,0.0515,4810.86,2.52,1982,331,0.167,0.4,59.94,3.81,99
2025-08-28,Shopping Campaign,AdGroup B,fashion,Mobile,Canada,447,19,0.0425,2.31,43.89,3,0.1579,160.33,3.65,2479,452,0.1823,0.8,195.03,9.61,147
2025-09-07,Shopping Campaign,AdGroup B,fashion,Mobile,Germany,7285,786,0.1079,3.82,3002.52,95,0.1209,16118.78,5.37,3075,642,0.2088,0.38,192.85,5.5,149
2025-10-25,Display Campaign 1,AdGroup B,sportswear,Tablet,India,7477,501,0.067,3.83,1918.83,27,0.0539,712.03,0.37,4648,1146,0.2466,0.26,137.2,8.46,47
2025-08-28,Search Campaign 1,AdGroup A,shoes,Mobile,UK,922,35,0.038,4.08,142.8,3,0.0857,549.39,3.85,1997,100,0.0501,0.77,43.95,1.69,81
2025-09-06,Shopping Campaign,AdGroup C,fashion,Mobile,US,1959,323,0.1649,2.76,891.48,26,0.0805,1269.45,1.42,3990,360,0.0902,0.33,63.18,4.46,86
2025-10-25,Search Campaign 2,AdGroup A,electronics,Tablet,Germany,9539,1778,0.1864,0.81,1440.18,185,0.104,2227.46,1.55,4529,892,0.197,0.64,126.9,9.59,148
2025-10-24,Display Campaign 1,AdGroup B,headphones,Mobile,UK,4894,316,0.0646,1.43,451.88,22,0.0696,3867.83,8.56,2383,258,0.1083,0.44,61.98,7.64,97
2025-09-26,Display Campaign 1,AdGroup C,sportswear,Mobile,Germany,3479,305,0.0877,2.26,689.3,17,0.0557,3028.84,4.39,3175,305,0.0961,0.78,250.36,8.77,133
2025-09-19,Search Campaign 2,AdGroup B,fashion,Tablet,UK,4985,732,0.1468,1.92,1405.44,114,0.1557,19583.64,13.93,3951,850,0.2151,0.26,166.94,5.24,2
2025-10-20,Search Campaign 1,AdGroup C,shoes,Mobile,US,7590,481,0.0634,3.24,1558.44,28,0.0582,1021.26,0.66,3886,337,0.0867,0.64,85.55,9.18,88
2025-09-15,Search Campaign 2,AdGroup C,laptop,Desktop,India,1978,242,0.1223,4.11,994.62,38,0.157,3611.48,3.63,1725,28,0.0162,0.76,133.26,5.02,58
2025-09-25,Shopping Campaign,AdGroup C,fashion,Tablet,UK,4731,374,0.0791,0.45,168.3,17,0.0455,3037.1,18.05,3388,608,0.1795,0.73,230.36,5.1,165
2025-10-28,Search Campaign 1,AdGroup B,laptop,Tablet,Germany,8294,1069,0.1289,0.47,502.43,46,0.043,3789.79,7.54,781,136,0.1741,0.45,158.85,7.64,3
2025-09-17,Search Campaign 1,AdGroup C,laptop,Desktop,India,5631,507,0.09,2.93,1485.51,22,0.0434,3923.79,2.64,89,7,0.0787,0.62,84.3,9.23,73
2025-09-11,Search Campaign 1,AdGroup C,shoes,Tablet,Germany,1818,269,0.148,1.32,355.08,32,0.119,2010.02,5.66,4894,928,0.1896,0.42,177.51,8.32,195
2025-11-03,Shopping Campaign,AdGroup C,fashion,Mobile,India,6621,255,0.0385,1.63,415.65,29,0.1137,4140.82,9.96,3754,789,0.2102,0.33,64.16,9.17,9
2025-08-24,Search Campaign 1,AdGroup A,electronics,Desktop,Germany,2320,47,0.0203,3.21,150.87,5,0.1064,586.3,3.89,2634,504,0.1913,0.27,92.99,7.02,102
2025-10-24,Search Campaign 1,AdGroup C,fashion,Mobile,India,6829,69,0.0101,1.36,93.84,4,0.058,649.57,6.92,909,153,0.1683,0.55,242.54,2.55,109
2025-09-22,Search Campaign 2,AdGroup C,sportswear,Desktop,Canada,6457,688,0.1066,1.62,1114.56,43,0.0625,3458.52,3.1,4610,932,0.2022,0.6,137.81,9.66,19
2025-09-23,Search Campaign 1,AdGroup C,headphones,Desktop,UK,3881,613,0.1579,3.08,1888.04,102,0.1664,14355.36,7.6,2346,527,0.2246,0.59,23.07,2.3,170
2025-11-11,Search Campaign 2,AdGroup C,headphones,Desktop,UK,5378,995,0.185,2.72,2706.4,200,0.201,28250.39,10.44,2049,292,0.1425,0.64,171.35,6.73,156
2025-10-09,Display Campaign 1,AdGroup A,fashion,Mobile,India,6901,515,0.0746,3.27,1684.05,51,0.099,2343.83,1.39,3498,622,0.1778,0.32,110.05,3.26,87
2025-09-21,Display Campaign 1,AdGroup C,electronics,Desktop,UK,7077,891,0.1259,4.82,4294.62,79,0.0887,7981.26,1.86,1491,291,0.1952,0.28,215.88,2.06,134
2025-09-08,Shopping Campaign,AdGroup A,laptop,Tablet,India,4485,524,0.1168,3.75,1965.0,40,0.0763,2829.32,1.44,2777,461,0.166,0.22,151.92,6.12,91
2025-08-29,Search Campaign 1,AdGroup B,headphones,Desktop,Germany,7734,1267,0.1638,2.68,3395.56,41,0.0324,5320.95,1.57,4666,269,0.0577,0.72,177.89,6.04,121
2025-10-09,Search Campaign 2,AdGroup B,electronics,Tablet,India,1823,176,0.0965,0.13,22.88,35,0.1989,6187.48,270.43,2904,705,0.2428,0.6,62.37,2.2,175
2025-11-08,Search Campaign 2,AdGroup B,laptop,Tablet,Canada,4066,189,0.0465,3.51,663.39,8,0.0423,1447.7,2.18,3363,149,0.0443,0.22,29.0,9.35,119
2025-11-02,Search Campaign 2,AdGroup B,laptop,Tablet,US,369,23,0.0623,0.29,6.67,4,0.1739,347.31,52.07,3929,953,0.2426,0.65,255.29,4.53,195
2025-10-25,Shopping Campaign,AdGroup A,sportswear,Mobile,Germany,583,95,0.163,3.98,378.1,13,0.1368,2159.68,5.71,4640,719,0.155,0.78,43.86,4.78,88
2025-09-30,Display Campaign 1,AdGroup B,headphones,Tablet,UK,4696,390,0.083,1.57,612.3,49,0.1256,2512.35,4.1,609,68,0.1117,0.45,208.76,3.56,149
2025-09-12,Search Campaign 2,AdGroup B,sportswear,Desktop,Germany,513,10,0.0195,3.76,37.6,1,0.1,43.9,1.17,851,124,0.1457,0.37,258.46,8.65,45
2025-09-24,Shopping Campaign,AdGroup A,sportswear,Mobile,Germany,7381,235,0.0318,1.06,249.1,25,0.1064,4280.93,17.19,423,51,0.1206,0.64,49.81,5.06,49
2025-10-30,Display Campaign 1,AdGroup A,shoes,Mobile,Germany,6873,698,0.1016,2.22,1549.56,45,0.0645,769.6,0.5,4009,743,0.1853,0.52,119.63,2.96,13
2025-11-01,Display Campaign 1,AdGroup A,sportswear,Mobile,India,9408,634,0.0674,2.54,1610.36,106,0.1672,13632.71,8.47,4208,794,0.1887,0.52,162.39,8.75,13
2025-11-05,Shopping Campaign,AdGroup A,fashion,Tablet,Germany,6774,312,0.0461,2.52,786.24,68,0.2179,2988.19,3.8,2062,164,0.0795,0.24,167.4,4.17,170
2025-09-02,Search Campaign 2,AdGroup C,headphones,Mobile,US,7777,1318,0.1695,2.09,2754.62,258,0.1958,25048.82,9.09,3096,629,0.2032,0.39,115.92,5.39,165
2025-10-31,Display Campaign 1,AdGroup C,fashion,Desktop,Germany,4709,368,0.0781,0.61,224.48,46,0.125,6769.32,30.16,2337,16,0.0068,0.64,229.81,7.44,39
2025-10-19,Display Campaign 1,AdGroup B,fashion,Tablet,US,9145,810,0.0886,3.11,2519.1,167,0.2062,27048.65,10.74,946,24,0.0254,0.24,257.15,9.86,106
2025-09-19,Shopping Campaign,AdGroup C,shoes,Tablet,UK,7702,211,0.0274,1.9,400.9,45,0.2133,8831.82,22.03,2750,506,0.184,0.22,206.29,3.76,95
2025-08-30,Search Campaign 2,AdGroup C,shoes,Tablet,UK,185,26,0.1405,4.39,114.14,6,0.2308,745.77,6.53,2940,488,0.166,0.76,60.94,7.41,194
2025-08-19,Search Campaign 1,AdGroup A,sportswear,Desktop,Canada,7587,1197,0.1578,2.51,3004.47,133,0.1111,21319.13,7.1,1197,203,0.1696,0.61,171.69,2.78,78
2025-10-26,Search Campaign 1,AdGroup B,shoes,Desktop,US,2288,112,0.049,3.05,341.6,7,0.0625,907.23,2.66,2108,456,0.2163,0.25,256.81,8.38,192
2025-08-28,Display Campaign 1,AdGroup C,fashion,Mobile,Canada,7131,1132,0.1587,3.38,3826.16,68,0.0601,11305.3,2.95,3012,406,0.1348,0.43,248.96,5.48,169
2025-09-14,Search Campaign 2,AdGroup C,sportswear,Tablet,Germany,6581,1287,0.1956,3.57,4594.59,206,0.1601,33476.09,7.29,3077,637,0.207,0.7,141.18,9.12,119
2025-09-16,Display Campaign 1,AdGroup B,laptop,Desktop,UK,9600,1446,0.1506,4.55,6579.3,263,0.1819,44666.97,6.79,1053,68,0.0646,0.51,234.83,8.51,123
2025-09-17,Search Campaign 1,AdGroup B,fashion,Mobile,Germany,3815,157,0.0412,4.64,728.48,22,0.1401,1143.33,1.57,1486,226,0.1521,0.28,105.14,4.63,195
2025-10-29,Search Campaign 1,AdGroup B,fashion,Mobile,Germany,5541,466,0.0841,3.43,1598.38,52,0.1116,3374.76,2.11,598,17,0.0284,0.33,21.09,1.14,87
2025-10-26,Search Campaign 2,AdGroup C,laptop,Desktop,India,3252,569,0.175,0.48,273.12,114,0.2004,17894.49,65.52,1902,459,0.2413,0.4,181.34,1.41,125
2025-08-19,Search Campaign 1,AdGroup B,sportswear,Mobile,India,8471,212,0.025,3.56,754.72,37,0.1745,1994.43,2.64,430,62,0.1442,0.41,81.45,5.74,102
2025-09-23,Display Campaign 1,AdGroup C,sportswear,Tablet,UK,6813,577,0.0847,1.13,652.01,56,0.0971,9910.84,15.2,317,16,0.0505,0.23,286.57,5.02,155
2025-10-12,Shopping Campaign,AdGroup A,fashion,Tablet,US,3198,621,0.1942,3.05,1894.05,81,0.1304,8202.73,4.33,1137,285,0.2507,0.28,287.33,8.63,145
2025-10-31,Search Campaign 1,AdGroup B,fashion,Desktop,Germany,9802,273,0.0279,3.73,1018.29,13,0.0476,2317.78,2.28,2279,111,0.0487,0.7,297.44,7.95,78
2025-08-28,Shopping Campaign,AdGroup C,sportswear,Tablet,UK,2532,251,0.0991,4.86,1219.86,28,0.1116,1256.26,1.03,1060,172,0.1623,0.56,101.1,2.1,138
2025-11-13,Display Campaign 1,AdGroup C,sportswear,Desktop,US,2324,432,0.1859,2.58,1114.56,52,0.1204,846.07,0.76,1591,40,0.0251,0.75,25.69,4.17,8
2025-11-14,Search Campaign 2,AdGroup B,laptop,Desktop,Canada,296,61,0.2061,0.46,28.06,9,0.1475,157.33,5.61,1254,253,0.2018,0.3,207.22,8.14,171
2025-10-27,Search Campaign 2,AdGroup B,electronics,Desktop,US,6530,312,0.0478,0.64,199.68,16,0.0513,173.43,0.87,3801,745,0.196,0.53,136.25,4.87,6
2025-09-23,Search Campaign 2,AdGroup C,fashion,Mobile,Germany,5338,100,0.0187,4.51,451.0,2,0.02,242.92,0.54,3991,499,0.125,0.75,34.76,4.56,167
2025-11-09,Shopping Campaign,AdGroup C,shoes,Desktop,UK,4603,931,0.2023,0.38,353.78,103,0.1106,16230.32,45.88,987,17,0.0172,0.33,117.75,3.17,3
2025-09-28,Search Campaign 2,AdGroup A,laptop,Mobile,US,5447,512,0.094,0.76,389.12,48,0.0938,1245.18,3.2,2834,425,0.15,0.67,192.67,8.78,101
2025-09-11,Search Campaign 2,AdGroup C,headphones,Tablet,India,4824,374,0.0775,4.03,1507.22,44,0.1176,2007.3,1.33,3598,766,0.2129,0.37,103.27,5.77,107
2025-11-09,Shopping Campaign,AdGroup A,fashion,Mobile,Germany,4722,345,0.0731,0.33,113.85,37,0.1072,3539.21,31.09,2426,407,0.1678,0.75,133.32,7.99,18
2025-10-10,Shopping Campaign,AdGroup B,headphones,Tablet,Canada,5230,849,0.1623,2.29,1944.21,16,0.0188,1221.32,0.63,876,158,0.1804,0.54,114.87,1.63,144
2025-09-03,Search Campaign 1,AdGroup A,electronics,Tablet,Canada,755,105,0.1391,4.73,496.65,12,0.1143,1290.35,2.6,4415,1053,0.2385,0.49,245.36,6.93,73
2025-10-01,Search Campaign 1,AdGroup A,sportswear,Mobile,UK,3199,518,0.1619,4.35,2253.3,10,0.0193,1340.71,0.59,161,14,0.087,0.22,266.59,7.7,150
2025-09-03,Display Campaign 1,AdGroup B,electronics,Tablet,Germany,262,38,0.145,3.62,137.56,3,0.0789,148.49,1.08,1870,215,0.115,0.41,163.7,1.84,60
2025-11-06,Search Campaign 1,AdGroup C,electronics,Tablet,Canada,8828,842,0.0954,3.2,2694.4,131,0.1556,19351.1,7.18,1515,129,0.0851,0.48,106.03,1.62,6
2025-11-07,Search Campaign 1,AdGroup C,laptop,Desktop,India,1238,193,0.1559,2.26,436.18,14,0.0725,632.25,1.45,3023,505,0.1671,0.3,257.26,4.86,142
2025-10-01,Display Campaign 1,AdGroup A,shoes,Mobile,US,4118,382,0.0928,4.17,1592.94,62,0.1623,9022.75,5.66,3564,381,0.1069,0.35,249.62,7.09,6
2025-08-20,Display Campaign 1,AdGroup C,electronics,Mobile,India,213,27,0.1268,1.01,27.27,4,0.1481,427.94,15.69,2049,297,0.1449,0.5,293.8,3.03,90
2025-08-18,Search Campaign 2,AdGroup B,electronics,Mobile,Canada,3260,633,0.1942,3.0,1899.0,96,0.1517,12156.74,6.4,3160,239,0.0756,0.32,153.8,1.55,195
2025-10-10,Search Campaign 2,AdGroup B,headphones,Tablet,Germany,1042,164,0.1574,0.58,95.12,29,0.1768,694.09,7.3,157,19,0.121,0.79,68.01,8.94,48
2025-10-05,Search Campaign 2,AdGroup B,sportswear,Desktop,Germany,2134,170,0.0797,3.09,525.3,18,0.1059,2204.62,4.2,4055,683,0.1684,0.26,140.85,6.05,89
2025-10-29,Display Campaign 1,AdGroup C,headphones,Desktop,India,1358,111,0.0817,4.68,519.48,9,0.0811,1158.55,2.23,2716,420,0.1546,0.37,122.12,9.91,193
2025-10-31,Search Campaign 1,AdGroup B,sportswear,Mobile,Canada,5476,1104,0.2016,0.53,585.12,194,0.1757,26801.3,45.8,3329,756,0.2271,0.73,161.37,7.98,107
2025-10-16,Search Campaign 2,AdGroup C,sportswear,Tablet,India,1554,126,0.0811,1.3,163.8,4,0.0317,298.45,1.82,3534,281,0.0795,0.4,223.72,6.83,36
2025-09-09,Search Campaign 2,AdGroup B,laptop,Tablet,Canada,5586,1100,0.1969,0.47,517.0,56,0.0509,905.48,1.75,980,94,0.0959,0.55,28.96,2.66,172
2025-11-08,Display Campaign 1,AdGroup A,shoes,Tablet,US,4089,735,0.1798,4.05,2976.75,143,0.1946,13139.57,4.41,4835,429,0.0887,0.39,250.62,7.19,6
2025-10-14,Shopping Campaign,AdGroup C,sportswear,Mobile,Canada,8361,961,0.1149,4.17,4007.37,138,0.1436,6280.07,1.57,680,187,0.275,0.71,169.42,4.37,109
2025-11-09,Search Campaign 1,AdGroup B,electronics,Mobile,UK,8384,1423,0.1697,4.02,5720.46,86,0.0604,15934.72,2.79,4243,623,0.1468,0.58,255.71,3.91,113
2025-10-14,Shopping Campaign,AdGroup C,sportswear,Tablet,Germany,2533,419,0.1654,1.57,657.83,67,0.1599,5980.16,9.09,854,131,0.1534,0.44,292.43,7.67,38
2025-09-09,Search Campaign 2,AdGroup B,headphones,Mobile,UK,1365,124,0.0908,4.11,509.64,18,0.1452,606.86,1.19,2077,66,0.0318,0.41,150.55,6.34,96
2025-11-13,Search Campaign 2,AdGroup B,fashion,Desktop,Canada,6254,267,0.0427,2.93,782.31,36,0.1348,1550.96,1.98,1994,379,0.1901,0.68,259.35,7.04,57
2025-09-22,Search Campaign 1,AdGroup A,sportswear,Tablet,UK,3775,276,0.0731,2.27,626.52,24,0.087,706.6,1.13,4999,576,0.1152,0.53,264.35,3.93,129
2025-08-23,Search Campaign 1,AdGroup B,headphones,Desktop,UK,3652,550,0.1506,2.02,1111.0,19,0.0345,2806.7,2.53,3218,363,0.1128,0.65,213.15,9.26,78
2025-08-21,Shopping Campaign,AdGroup B,laptop,Desktop,Canada,6992,1137,0.1626,2.99,3399.63,105,0.0923,1247.33,0.37,1546,389,0.2516,0.68,243.9,1.82,178
2025-08-24,Search Campaign 1,AdGroup C,sportswear,Tablet,Germany,2384,220,0.0923,2.55,561.0,10,0.0455,1577.22,2.81,1388,96,0.0692,0.68,123.93,3.01,172
2025-10-05,Search Campaign 1,AdGroup A,laptop,Desktop,Canada,7136,1368,0.1917,3.21,4391.28,248,0.1813,27533.37,6.27,339,78,0.2301,0.66,97.27,8.45,54
2025-10-07,Search Campaign 1,AdGroup A,headphones,Desktop,US,5549,167,0.0301,2.08,347.36,17,0.1018,3193.5,9.19,3439,233,0.0678,0.58,233.82,8.39,38
2025-10-02,Search Campaign 1,AdGroup B,fashion,Mobile,India,8555,1477,0.1726,4.81,7104.37,23,0.0156,4451.34,0.63,1872,378,0.2019,0.31,53.93,6.09,170
2025-09-21,Search Campaign 2,AdGroup B,shoes,Desktop,Germany,689,110,0.1597,0.46,50.6,24,0.2182,4705.1,92.99,3009,463,0.1539,0.21,158.97,3.25,73
2025-11-16,Display Campaign 1,AdGroup A,shoes,Tablet,India,1835,67,0.0365,0.77,51.59,0,0.0,0.0,0.0,4184,385,0.092,0.61,51.99,7.34,62
2025-10-30,Search Campaign 2,AdGroup C,shoes,Desktop,India,9679,765,0.079,2.13,1629.45,168,0.2196,9070.78,5.57,3191,620,0.1943,0.7,43.71,1.54,89
2025-11-12,Shopping Campaign,AdGroup A,shoes,Mobile,US,5907,938,0.1588,1.86,1744.68,50,0.0533,1681.0,0.96,2195,111,0.0506,0.43,24.4,1.99,64
2025-09-29,Display Campaign 1,AdGroup A,headphones,Mobile,US,5612,62,0.011,2.83,175.46,17,0.2742,480.27,2.74,3954,609,0.154,0.24,176.94,4.9,156
2025-10-19,Display Campaign 1,AdGroup A,sportswear,Mobile,Canada,318,53,0.1667,3.45,182.85,5,0.0943,757.13,4.14,4245,620,0.1461,0.61,209.62,4.26,166
2025-10-08,Search Campaign 2,AdGroup B,fashion,Desktop,Germany,7716,354,0.0459,1.28,453.12,16,0.0452,1508.32,3.33,341,42,0.1232,0.67,223.43,2.35,138
2025-09-28,Display Campaign 1,AdGroup A,electronics,Tablet,UK,2798,287,0.1026,0.39,111.93,15,0.0523,1606.52,14.35,250,29,0.116,0.45,72.99,1.05,81
2025-10-09,Search Campaign 1,AdGroup C,laptop,Tablet,Germany,5189,497,0.0958,3.77,1873.69,109,0.2193,21327.86,11.38,1629,84,0.0516,0.71,296.55,6.7,199
2025-10-02,Search Campaign 2,AdGroup C,headphones,Tablet,Canada,2196,77,0.0351,0.63,48.51,5,0.0649,970.48,20.01,3505,883,0.2519,0.39,191.61,8.04,73
2025-08-22,Shopping Campaign,AdGroup A,headphones,Desktop,US,5308,751,0.1415,3.41,2560.91,114,0.1518,21944.49,8.57,699,86,0.123,0.77,52.28,3.26,72
2025-10-07,Search Campaign 2,AdGroup A,shoes,Tablet,UK,5578,375,0.0672,0.75,281.25,40,0.1067,3119.58,11.09,668,4,0.006,0.67,155.6,2.64,129
2025-09-16,Display Campaign 1,AdGroup A,headphones,Mobile,India,2489,486,0.1953,4.1,1992.6,28,0.0576,3307.67,1.66,3819,429,0.1123,0.76,260.59,3.07,161
2025-09-28,Shopping Campaign,AdGroup C,sportswear,Mobile,India,9931,580,0.0584,0.49,284.2,34,0.0586,3862.94,13.59,2935,608,0.2072,0.79,113.07,5.94,27
2025-10-23,Search Campaign 1,AdGroup C,electronics,Mobile,Germany,1727,272,0.1575,2.11,573.92,4,0.0147,346.27,0.6,3407,857,0.2515,0.61,280.7,6.0,114
2025-08-20,Shopping Campaign,AdGroup B,shoes,Mobile,UK,7221,478,0.0662,4.25,2031.5,49,0.1025,6010.01,2.96,875,108,0.1234,0.5,28.84,2.28,82
2025-08-29,Display Campaign 1,AdGroup A,headphones,Mobile,India,9232,1867,0.2022,1.17,2184.39,178,0.0953,20139.88,9.22,518,26,0.0502,0.74,149.06,7.88,145
2025-09-28,Display Campaign 1,AdGroup A,sportswear,Mobile,Canada,471,100,0.2123,4.51,451.0,6,0.06,1167.99,2.59,4480,682,0.1522,0.57,183.53,9.95,137
2025-08-30,Search Campaign 2,AdGroup B,headphones,Desktop,UK,6678,792,0.1186,2.6,2059.2,92,0.1162,10290.59,5.0,1842,365,0.1982,0.67,268.36,8.38,48
2025-10-14,Search Campaign 1,AdGroup A,fashion,Desktop,UK,4074,748,0.1836,3.84,2872.32,22,0.0294,3937.78,1.37,4382,256,0.0584,0.36,115.52,2.82,71
2025-09-05,Display Campaign 1,AdGroup A,fashion,Desktop,India,7876,1331,0.169,1.36,1810.16,92,0.0691,12520.34,6.92,2102,469,0.2231,0.6,249.13,4.61,28
2025-09-08,Display Campaign 1,AdGroup B,shoes,Desktop,Germany,9228,284,0.0308,2.69,763.96,49,0.1725,4038.15,5.29,1286,41,0.0319,0.36,133.24,6.9,6
2025-08-31,Display Campaign 1,AdGroup C,electronics,Desktop,Canada,8901,1527,0.1716,1.4,2137.8,182,0.1192,19343.65,9.05,2636,107,0.0406,0.47,218.58,4.81,179
2025-09-25,Search Campaign 2,AdGroup B,fashion,Mobile,Germany,8701,1671,0.192,2.04,3408.84,183,0.1095,36563.28,10.73,3318,346,0.1043,0.23,121.17,1.23,1
2025-11-12,Search Campaign 1,AdGroup B,sportswear,Desktop,India,7219,858,0.1189,1.12,960.96,37,0.0431,4598.16,4.78,211,18,0.0853,0.21,277.77,3.63,142
2025-10-09,Shopping Campaign,AdGroup B,electronics,Mobile,US,1857,288,0.1551,3.62,1042.56,37,0.1285,2373.86,2.28,2311,233,0.1008,0.29,65.4,2.02,19
2025-10-12,Display Campaign 1,AdGroup B,electronics,Tablet,US,7632,223,0.0292,2.02,450.46,34,0.1525,1460.97,3.24,828,170,0.2053,0.69,134.93,4.28,65
2025-09-15,Search Campaign 2,AdGroup C,headphones,Desktop,India,2484,357,0.1437,4.13,1474.41,61,0.1709,9001.27,6.1,235,29,0.1234,0.42,289.47,7.13,79
2025-10-17,Search Campaign 1,AdGroup C,headphones,Mobile,India,2635,221,0.0839,3.71,819.91,5,0.0226,996.38,1.22,4383,223,0.0509,0.29,298.32,5.26,162
2025-10-07,Search Campaign 2,AdGroup C,fashion,Mobile,Germany,9180,362,0.0394,4.24,1534.88,57,0.1575,5102.98,3.32,3121,438,0.1403,0.29,175.21,5.49,173
2025-08-26,Display Campaign 1,AdGroup A,fashion,Desktop,US,8461,1226,0.1449,4.94,6056.44,60,0.0489,5939.2,0.98,3044,507,0.1666,0.27,181.45,3.7,113
2025-09-09,Search Campaign 1,AdGroup B,sportswear,Tablet,UK,2774,66,0.0238,1.77,116.82,9,0.1364,583.07,4.99,3972,474,0.1193,0.65,128.35,8.41,66
2025-10-24,Search Campaign 2,AdGroup A,sportswear,Desktop,Canada,347,33,0.0951,4.56,150.48,4,0.1212,384.47,2.55,305,65,0.2131,0.37,85.62,2.35,120
2025-08-18,Search Campaign 1,AdGroup A,headphones,Desktop,Germany,7245,423,0.0584,2.65,1120.95,64,0.1513,1256.96,1.12,2985,453,0.1518,0.57,185.21,9.29,36
2025-09-04,Shopping Campaign,AdGroup B,headphones,Tablet,Germany,1339,46,0.0344,4.41,202.86,8,0.1739,568.11,2.8,686,119,0.1735,0.48,100.75,2.63,61
2025-09-12,Search Campaign 1,AdGroup C,electronics,Tablet,Germany,5739,438,0.0763,3.36,1471.68,22,0.0502,3216.79,2.19,4568,69,0.0151,0.22,160.26,8.76,99
2025-11-03,Display Campaign 1,AdGroup A,sportswear,Mobile,UK,3148,260,0.0826,0.58,150.8,28,0.1077,1987.27,13.18,3162,517,0.1635,0.54,178.36,4.12,162
2025-11-01,Display Campaign 1,AdGroup B,headphones,Mobile,Germany,8424,838,0.0995,2.03,1701.14,114,0.136,8655.39,5.09,4650,855,0.1839,0.74,220.51,6.72,157
2025-09-28,Search Campaign 1,AdGroup A,headphones,Tablet,Canada,6922,594,0.0858,1.94,1152.36,45,0.0758,1180.31,1.02,4327,1042,0.2408,0.4,153.3,3.3,126
2025-09-17,Search Campaign 2,AdGroup B,shoes,Tablet,US,3662,694,0.1895,4.25,2949.5,83,0.1196,13595.79,4.61,1979,228,0.1152,0.38,284.92,3.97,43
2025-08-31,Search Campaign 1,AdGroup A,electronics,Desktop,Germany,871,185,0.2124,1.25,231.25,10,0.0541,809.03,3.5,3653,107,0.0293,0.5,291.49,3.28,164
2025-08-30,Search Campaign 2,AdGroup B,shoes,Desktop,Canada,8980,1277,0.1422,4.31,5503.87,241,0.1887,26944.11,4.9,3196,657,0.2056,0.69,50.93,1.28,175
2025-10-27,Search Campaign 2,AdGroup A,laptop,Mobile,UK,1900,183,0.0963,0.75,137.25,16,0.0874,2489.71,18.14,4710,1094,0.2323,0.71,89.11,3.11,12
2025-10-09,Display Campaign 1,AdGroup A,sportswear,Mobile,India,9487,1742,0.1836,3.56,6201.52,278,0.1596,15725.58,2.54,3542,851,0.2403,0.65,146.29,3.46,78
2025-11-11,Shopping Campaign,AdGroup C,electronics,Tablet,India,4800,255,0.0531,0.78,198.9,16,0.0627,806.14,4.05,4740,170,0.0359,0.8,25.16,8.74,31
2025-10-20,Search Campaign 2,AdGroup A,electronics,Desktop,Germany,1457,224,0.1537,0.6,134.4,36,0.1607,5346.62,39.78,3659,277,0.0757,0.75,243.63,7.14,70
2025-10-28,Shopping Campaign,AdGroup C,headphones,Mobile,India,2094,145,0.0692,4.97,720.65,13,0.0897,1454.3,2.02,1648,119,0.0722,0.75,168.29,2.56,47
2025-11-14,Search Campaign 2,AdGroup A,laptop,Tablet,Germany,1798,22,0.0122,2.11,46.42,2,0.0909,376.27,8.11,3334,796,0.2388,0.26,76.77,1.33,1
2025-10-11,Shopping Campaign,AdGroup C,fashion,Mobile,UK,4502,556,0.1235,0.37,205.72,41,0.0737,5814.17,28.26,4622,118,0.0255,0.27,112.57,6.32,102
2025-11-14,Display Campaign 1,AdGroup B,shoes,Desktop,India,6408,747,0.1166,1.94,1449.18,27,0.0361,3834.22,2.65,2743,353,0.1287,0.47,258.28,6.96,53
2025-10-11,Display Campaign 1,AdGroup B,fashion,Mobile,Canada,8042,938,0.1166,1.19,1116.22,105,0.1119,19662.47,17.62,4337,823,0.1898,0.28,202.11,9.76,78
2025-10-23,Display Campaign 1,AdGroup B,shoes,Tablet,India,2983,316,0.1059,0.54,170.64,35,0.1108,1359.4,7.97,4392,237,0.054,0.52,274.12,7.91,151
2025-11-15,Shopping Campaign,AdGroup A,fashion,Mobile,US,6602,175,0.0265,2.65,463.75,3,0.0171,272.92,0.59,4372,1105,0.2527,0.58,189.44,5.37,143
2025-10-11,Shopping Campaign,AdGroup C,sportswear,Tablet,UK,3018,164,0.0543,4.53,742.92,18,0.1098,3599.48,4.85,3661,872,0.2382,0.69,190.09,1.6,198
2025-09-16,Search Campaign 2,AdGroup B,headphones,Tablet,US,3642,516,0.1417,4.36,2249.76,39,0.0756,6049.89,2.69,594,31,0.0522,0.74,60.87,1.08,95
2025-11-14,Shopping Campaign,AdGroup A,electronics,Mobile,US,2870,41,0.0143,3.29,134.89,5,0.122,679.68,5.04,503,76,0.1511,0.71,276.97,5.62,125
2025-09-28,Shopping Campaign,AdGroup A,sportswear,Tablet,US,2455,211,0.0859,0.69,145.59,31,0.1469,4050.89,27.82,2781,228,0.082,0.27,39.45,9.36,193
2025-10-11,Search Campaign 2,AdGroup B,shoes,Tablet,India,9607,219,0.0228,3.59,786.21,8,0.0365,1186.35,1.51,2390,559,0.2339,0.6,161.05,2.01,1
2025-10-19,Search Campaign 2,AdGroup C,laptop,Mobile,Germany,1522,172,0.113,4.09,703.48,24,0.1395,4465.34,6.35,323,30,0.0929,0.52,141.53,6.94,192
2025-08-17,Shopping Campaign,AdGroup C,sportswear,Mobile,UK,6939,1061,0.1529,2.56,2716.16,29,0.0273,654.03,0.24,1093,100,0.0915,0.8,206.54,3.34,31
2025-11-16,Display Campaign 1,AdGroup A,fashion,Tablet,UK,7427,1088,0.1465,1.3,1414.4,47,0.0432,5507.16,3.89,3368,550,0.1633,0.28,171.56,1.79,23
2025-10-21,Search Campaign 1,AdGroup A,fashion,Desktop,India,2192,85,0.0388,2.21,187.85,13,0.1529,981.58,5.23,1769,57,0.0322,0.66,71.87,1.64,65
2025-10-20,Search Campaign 2,AdGroup C,headphones,Mobile,UK,1967,49,0.0249,0.29,14.21,5,0.102,641.24,45.13,4432,418,0.0943,0.55,137.28,3.07,18
2025-09-17,Shopping Campaign,AdGroup B,electronics,Tablet,UK,6922,1028,0.1485,2.04,2097.12,167,0.1625,3377.13,1.61,3114,95,0.0305,0.66,97.46,9.44,117
2025-08-17,Shopping Campaign,AdGroup C,fashion,Desktop,UK,3266,534,0.1635,3.16,1687.44,70,0.1311,4739.77,2.81,894,144,0.1611,0.41,98.69,8.22,38
2025-10-14,Search Campaign 1,AdGroup B,headphones,Tablet,India,8751,113,0.0129,2.48,280.24,21,0.1858,2477.38,8.84,145,13,0.0897,0.6,270.04,8.1,75
2025-11-08,Shopping Campaign,AdGroup C,headphones,Desktop,UK,9309,1811,0.1945,2.62,4744.82,189,0.1044,16439.34,3.46,4086,608,0.1488,0.52,60.4,6.8,10
2025-10-16,Search Campaign 2,AdGroup B,fashion,Desktop,India,1466,189,0.1289,0.52,98.28,8,0.0423,1021.02,10.39,3210,66,0.0206,0.77,105.08,6.25,182
2025-10-12,Display Campaign 1,AdGroup B,electronics,Mobile,Canada,701,102,0.1455,1.68,171.36,15,0.1471,2490.9,14.54,532,14,0.0263,0.35,145.67,7.23,186
2025-08-20,Search Campaign 2,AdGroup A,shoes,Desktop,Canada,8552,873,0.1021,2.26,1972.98,79,0.0905,6504.82,3.3,1968,488,0.248,0.64,44.38,3.98,42
2025-09-02,Search Campaign 2,AdGroup A,electronics,Tablet,India,5928,830,0.14,4.85,4025.5,118,0.1422,4644.63,1.15,1984,79,0.0398,0.53,77.2,5.18,21
2025-10-15,Display Campaign 1,AdGroup A,headphones,Mobile,UK,443,33,0.0745,1.14,37.62,2,0.0606,79.02,2.1,4924,944,0.1917,0.6,243.52,8.79,15
2025-09-28,Display Campaign 1,AdGroup C,sportswear,Mobile,US,2415,384,0.159,4.76,1827.84,78,0.2031,9256.12,5.06,1406,295,0.2098,0.68,257.78,5.97,28
2025-09-04,Shopping Campaign,AdGroup C,electronics,Tablet,India,3091,380,0.1229,0.58,220.4,74,0.1947,1592.53,7.23,2614,190,0.0727,0.42,139.58,4.14,122
2025-09-16,Display Campaign 1,AdGroup C,shoes,Mobile,US,8615,904,0.1049,0.51,461.04,137,0.1515,25550.17,55.42,973,159,0.1634,0.67,244.68,9.59,5
2025-09-22,Display Campaign 1,AdGroup C,electronics,Desktop,Germany,6864,440,0.0641,2.71,1192.4,8,0.0182,1231.72,1.03,3864,322,0.0833,0.77,139.4,9.94,130
2025-09-20,Shopping Campaign,AdGroup C,shoes,Tablet,Canada,5708,125,0.0219,4.93,616.25,19,0.152,304.45,0.49,2604,35,0.0134,0.21,102.34,3.96,109
2025-10-22,Shopping Campaign,AdGroup A,laptop,Desktop,UK,2948,24,0.0081,2.48,59.52,1,0.0417,88.36,1.48,102,23,0.2255,0.36,140.63,4.94,88
2025-10-16,Search Campaign 1,AdGroup B,sportswear,Desktop,Canada,3406,523,0.1536,3.82,1997.86,31,0.0593,4465.02,2.23,1737,96,0.0553,0.49,56.93,3.57,17
2025-09-02,Shopping Campaign,AdGroup A,headphones,Tablet,Germany,5637,849,0.1506,0.94,798.06,5,0.0059,395.03,0.49,4567,75,0.0164,0.24,179.69,7.3,51
2025-11-14,Shopping Campaign,AdGroup B,sportswear,Tablet,Canada,2208,410,0.1857,2.46,1008.6,73,0.178,14396.62,14.27,3616,393,0.1087,0.34,185.5,9.05,14
2025-08-26,Shopping Campaign,AdGroup C,headphones,Mobile,UK,6287,963,0.1532,2.4,2311.2,42,0.0436,6406.02,2.77,748,173,0.2313,0.24,183.0,9.99,36
2025-10-16,Search Campaign 1,AdGroup C,headphones,Tablet,US,8439,410,0.0486,4.82,1976.2,8,0.0195,945.61,0.48,4372,1019,0.2331,0.44,194.01,4.78,117
2025-08-24,Display Campaign 1,AdGroup B,headphones,Mobile,Germany,9831,586,0.0596,1.51,884.86,27,0.0461,502.53,0.57,2454,210,0.0856,0.47,105.06,7.46,37
2025-10-07,Search Campaign 2,AdGroup B,electronics,Desktop,US,6433,321,0.0499,0.32,102.72,18,0.0561,2580.6,25.12,2582,40,0.0155,0.76,236.47,5.29,123
2025-11-06,Search Campaign 2,AdGroup C,headphones,Tablet,Germany,129,6,0.0465,5.0,30.0,1,0.1667,117.74,3.92,1926,172,0.0893,0.72,246.94,9.54,45
2025-10-03,Search Campaign 2,AdGroup A,sportswear,Mobile,India,2376,171,0.072,3.06,523.26,32,0.1871,4979.22,9.52,507,69,0.1361,0.46,221.53,1.71,148
2025-08-30,Shopping Campaign,AdGroup C,electronics,Mobile,US,1908,139,0.0729,4.72,656.08,12,0.0863,1660.85,2.53,3167,189,0.0597,0.48,58.27,4.78,139
2025-10-15,Search Campaign 1,AdGroup C,laptop,Tablet,India,4601,341,0.0741,3.05,1040.05,61,0.1789,5584.21,5.37,3460,838,0.2422,0.66,243.7,9.35,61
2025-08-19,Search Campaign 1,AdGroup C,shoes,Desktop,US,5910,524,0.0887,1.8,943.2,63,0.1202,975.69,1.03,1834,403,0.2197,0.47,140.08,4.46,53
2025-09-20,Search Campaign 1,AdGroup A,electronics,Mobile,UK,886,179,0.202,0.46,82.34,9,0.0503,231.0,2.81,2426,449,0.1851,0.21,236.19,3.67,2
2025-09-13,Search Campaign 2,AdGroup A,electronics,Desktop,India,8239,1514,0.1838,2.27,3436.78,68,0.0449,13312.43,3.87,4986,476,0.0955,0.63,128.1,2.35,91
2025-10-24,Search Campaign 2,AdGroup B,headphones,Desktop,US,9288,251,0.027,0.62,155.62,26,0.1036,2368.41,15.22,2435,512,0.2103,0.58,145.28,6.91,184
2025-09-26,Shopping Campaign,AdGroup C,sportswear,Mobile,India,7806,1072,0.1373,4.16,4459.52,41,0.0382,5533.78,1.24,3699,611,0.1652,0.63,90.65,8.56,143
2025-09-28,Search Campaign 2,AdGroup C,headphones,Mobile,Canada,2028,361,0.178,0.64,231.04,51,0.1413,1994.12,8.63,2370,223,0.0941,0.56,252.49,3.53,150
2025-11-12,Shopping Campaign,AdGroup C,laptop,Desktop,Canada,3071,467,0.1521,2.07,966.69,52,0.1113,3828.58,3.96,599,158,0.2638,0.73,183.59,3.23,148
2025-10-09,Search Campaign 2,AdGroup A,headphones,Desktop,UK,6876,257,0.0374,3.83,984.31,28,0.1089,3947.51,4.01,272,12,0.0441,0.52,257.61,6.58,106
2025-09-10,Shopping Campaign,AdGroup C,fashion,Mobile,India,5788,356,0.0615,2.81,1000.36,60,0.1685,8978.15,8.97,1161,30,0.0258,0.6,143.26,5.55,83
2025-09-28,Search Campaign 1,AdGroup B,electronics,Mobile,Germany,9518,1744,0.1832,2.65,4621.6,292,0.1674,45155.22,9.77,4727,929,0.1965,0.64,100.3,7.8,130
2025-09-14,Search Campaign 1,AdGroup C,shoes,Desktop,US,5212,169,0.0324,3.49,589.81,15,0.0888,2961.97,5.02,2093,84,0.0401,0.79,71.39,3.82,105
2025-10-13,Shopping Campaign,AdGroup B,laptop,Tablet,Canada,4696,786,0.1674,1.1,864.6,61,0.0776,4364.77,5.05,3784,436,0.1152,0.62,245.31,1.8,49
2025-09-05,Search Campaign 2,AdGroup B,electronics,Tablet,UK,6622,736,0.1111,3.46,2546.56,18,0.0245,455.74,0.18,1159,254,0.2192,0.6,179.29,6.02,166
2025-10-15,Search Campaign 1,AdGroup C,headphones,Tablet,Germany,6551,679,0.1036,1.65,1120.35,9,0.0133,941.58,0.84,3027,106,0.035,0.77,127.13,4.19,17
2025-09-08,Search Campaign 1,AdGroup C,shoes,Tablet,Canada,1736,27,0.0156,1.4,37.8,1,0.037,96.25,2.55,3896,315,0.0809,0.47,202.61,7.32,50
2025-08-31,Search Campaign 1,AdGroup B,sportswear,Tablet,India,8715,1673,0.192,1.91,3195.43,54,0.0323,4739.9,1.48,4660,776,0.1665,0.78,264.7,5.92,91
2025-10-22,Shopping Campaign,AdGroup A,electronics,Tablet,Canada,5385,951,0.1766,4.93,4688.43,31,0.0326,5243.72,1.12,2688,551,0.205,0.4,214.81,4.44,164
2025-11-09,Shopping Campaign,AdGroup C,electronics,Tablet,US,1104,82,0.0743,2.96,242.72,14,0.1707,2385.78,9.83,294,14,0.0476,0.7,75.6,9.96,164
2025-10-31,Display Campaign 1,AdGroup C,fashion,Tablet,Germany,2283,47,0.0206,4.3,202.1,9,0.1915,1373.32,6.8,3680,653,0.1774,0.38,176.78,3.74,117
2025-10-04,Shopping Campaign,AdGroup C,sportswear,Desktop,US,6282,605,0.0963,2.09,1264.45,96,0.1587,3176.61,2.51,1839,265,0.1441,0.31,212.76,4.1,27
2025-11-04,Search Campaign 1,AdGroup B,fashion,Desktop,US,8607,725,0.0842,0.82,594.5,105,0.1448,19641.16,33.04,2322,197,0.0848,0.74,208.36,1.26,93
2025-11-08,Search Campaign 1,AdGroup C,fashion,Mobile,Germany,6886,793,0.1152,4.37,3465.41,15,0.0189,1645.42,0.47,2059,412,0.2001,0.4,253.67,8.81,157
2025-09-04,Display Campaign 1,AdGroup B,sportswear,Mobile,India,8024,1304,0.1625,0.14,182.56,39,0.0299,4499.42,24.65,4603,595,0.1293,0.73,206.55,7.61,71
2025-09-22,Search Campaign 1,AdGroup A,sportswear,Mobile,UK,2450,86,0.0351,3.28,282.08,0,0.0,0.0,0.0,2294,271,0.1181,0.44,66.49,6.56,79
2025-11-01,Shopping Campaign,AdGroup B,electronics,Mobile,India,7886,972,0.1233,3.46,3363.12,161,0.1656,16401.34,4.88,311,3,0.0096,0.34,50.55,6.7,57
2025-09-01,Display Campaign 1,AdGroup C,headphones,Tablet,US,9171,184,0.0201,4.25,782.0,16,0.087,3073.81,3.93,1740,253,0.1454,0.34,171.19,5.6,114
2025-11-09,Shopping Campaign,AdGroup B,fashion,Desktop,UK,7397,944,0.1276,0.89,840.16,111,0.1176,20353.56,24.23,937,126,0.1345,0.71,163.39,2.42,111
2025-09-07,Search Campaign 2,AdGroup B,fashion,Mobile,UK,5587,258,0.0462,3.15,812.7,12,0.0465,200.54,0.25,4086,198,0.0485,0.78,44.03,3.59,1
2025-08-24,Search Campaign 2,AdGroup B,laptop,Tablet,US,1032,11,0.0107,2.54,27.94,1,0.0909,177.67,6.36,4557,309,0.0678,0.41,25.12,5.14,69
2025-08-22,Display Campaign 1,AdGroup B,laptop,Desktop,Canada,4112,482,0.1172,1.16,559.12,88,0.1826,5187.32,9.28,2936,746,0.2541,0.42,102.39,7.43,41
2025-10-05,Display Campaign 1,AdGroup B,fashion,Desktop,Germany,4995,388,0.0777,1.27,492.76,77,0.1985,6817.39,13.84,1596,18,0.0113,0.7,163.37,4.51,14
2025-10-09,Shopping Campaign,AdGroup B,fashion,Desktop,US,8576,1193,0.1391,1.81,2159.33,79,0.0662,5648.22,2.62,3021,692,0.2291,0.21,159.8,1.41,63
2025-08-19,Search Campaign 2,AdGroup A,sportswear,Desktop,Canada,1936,87,0.0449,0.33,28.71,25,0.2874,489.94,17.07,511,83,0.1624,0.65,128.69,7.75,7
2025-10-19,Search Campaign 2,AdGroup C,sportswear,Desktop,US,5741,901,0.1569,4.54,4090.54,120,0.1332,1394.29,0.34,3965,694,0.175,0.22,188.19,2.36,83
2025-10-19,Search Campaign 1,AdGroup A,headphones,Mobile,UK,2247,332,0.1478,4.08,1354.56,36,0.1084,4145.44,3.06,1032,13,0.0126,0.41,212.51,1.59,64
2025-09-17,Search Campaign 2,AdGroup B,headphones,Tablet,Canada,8176,623,0.0762,1.62,1009.26,80,0.1284,8939.15,8.86,4245,1014,0.2389,0.55,247.69,3.44,166
2025-09-13,Search Campaign 2,AdGroup B,laptop,Mobile,UK,2676,254,0.0949,1.25,317.5,33,0.1299,5644.53,17.78,4208,321,0.0763,0.51,36.5,5.1,140
2025-08-19,Display Campaign 1,AdGroup C,laptop,Mobile,UK,9797,1941,0.1981,1.47,2853.27,350,0.1803,51465.71,18.04,3329,589,0.1769,0.36,110.01,7.07,64
2025-08-26,Display Campaign 1,AdGroup A,electronics,Tablet,UK,4061,632,0.1556,2.04,1289.28,50,0.0791,1350.12,1.05,718,63,0.0877,0.38,48.73,9.91,96
2025-10-07,Display Campaign 1,AdGroup C,electronics,Tablet,UK,105,8,0.0762,3.56,28.48,2,0.25,32.2,1.13,2755,500,0.1815,0.7,108.91,8.03,190
2025-10-27,Search Campaign 1,AdGroup A,headphones,Mobile,Canada,2881,448,0.1555,3.8,1702.4,77,0.1719,12506.51,7.35,3513,857,0.244,0.48,272.66,2.98,7
2025-11-02,Shopping Campaign,AdGroup C,sportswear,Desktop,Canada,2645,102,0.0386,0.38,38.76,14,0.1373,1398.05,36.07,603,27,0.0448,0.62,175.23,3.63,150
2025-09-30,Search Campaign 1,AdGroup C,electronics,Mobile,US,479,87,0.1816,1.8,156.6,20,0.2299,554.34,3.54,3907,551,0.141,0.5,274.26,2.86,34
2025-09-22,Search Campaign 2,AdGroup C,fashion,Tablet,US,2666,239,0.0896,0.18,43.02,34,0.1423,5001.78,116.27,3857,305,0.0791,0.59,131.17,2.4,8
2025-08-23,Display Campaign 1,AdGroup B,sportswear,Desktop,UK,263,35,0.1331,4.41,154.35,2,0.0571,35.66,0.23,3847,416,0.1081,0.35,235.66,7.2,85
2025-09-10,Display Campaign 1,AdGroup A,laptop,Desktop,India,513,44,0.0858,0.74,32.56,9,0.2045,1766.1,54.24,2763,278,0.1006,0.27,51.15,3.84,76
2025-10-30,Search Campaign 2,AdGroup B,electronics,Mobile,Canada,2592,118,0.0455,2.19,258.42,2,0.0169,164.7,0.64,2727,564,0.2068,0.44,28.91,8.56,125
2025-09-28,Search Campaign 1,AdGroup B,fashion,Tablet,UK,8593,1369,0.1593,1.28,1752.32,122,0.0891,23476.92,13.4,1305,168,0.1287,0.44,265.59,9.81,148
2025-08-22,Shopping Campaign,AdGroup B,headphones,Tablet,UK,3911,522,0.1335,3.52,1837.44,38,0.0728,1206.83,0.66,1117,219,0.1961,0.73,99.06,9.06,87
2025-10-12,Display Campaign 1,AdGroup B,electronics,Desktop,Canada,8462,1677,0.1982,0.52,872.04,320,0.1908,5666.89,6.5,4906,335,0.0683,0.68,43.88,5.71,126
2025-10-10,Search Campaign 2,AdGroup B,sportswear,Desktop,UK,4845,324,0.0669,2.68,868.32,54,0.1667,10486.77,12.08,4659,365,0.0783,0.76,137.32,2.82,189
2025-10-08,Display Campaign 1,AdGroup C,shoes,Desktop,Germany,8983,974,0.1084,2.69,2620.06,23,0.0236,2171.03,0.83,2696,563,0.2088,0.73,74.0,3.25,199
2025-10-14,Search Campaign 2,AdGroup A,laptop,Mobile,US,8463,1561,0.1844,0.6,936.6,285,0.1826,24173.17,25.81,1941,60,0.0309,0.69,59.91,7.07,70
2025-10-16,Search Campaign 1,AdGroup A,laptop,Mobile,Germany,6764,181,0.0268,0.49,88.69,12,0.0663,1523.92,17.18,3824,496,0.1297,0.26,198.06,8.0,97
2025-11-16,Search Campaign 1,AdGroup B,fashion,Mobile,Canada,3018,519,0.172,0.11,57.09,108,0.2081,16774.54,293.83,1955,375,0.1918,0.49,127.77,2.07,10
2025-08-29,Display Campaign 1,AdGroup C,headphones,Mobile,US,5847,608,0.104,4.83,2936.64,20,0.0329,1872.25,0.64,3930,761,0.1936,0.36,173.65,4.42,189
2025-09-06,Display Campaign 1,AdGroup B,fashion,Tablet,UK,6658,311,0.0467,1.9,590.9,27,0.0868,4454.74,7.54,1628,352,0.2162,0.72,260.92,6.22,75
2025-10-20,Shopping Campaign,AdGroup C,headphones,Mobile,UK,9229,444,0.0481,3.36,1491.84,18,0.0405,1715.74,1.15,4250,980,0.2306,0.78,183.54,4.09,198
2025-10-10,Display Campaign 1,AdGroup C,sportswear,Tablet,UK,7287,712,0.0977,0.86,612.32,31,0.0435,2021.85,3.3,646,131,0.2028,0.63,214.88,1.52,6
2025-11-05,Search Campaign 2,AdGroup A,electronics,Tablet,UK,3567,270,0.0757,0.94,253.8,24,0.0889,2509.83,9.89,2562,240,0.0937,0.76,171.75,7.64,139
2025-09-03,Search Campaign 2,AdGroup B,fashion,Mobile,US,6994,885,0.1265,3.81,3371.85,152,0.1718,10147.71,3.01,1168,60,0.0514,0.43,114.41,9.11,16
2025-11-10,Search Campaign 1,AdGroup A,laptop,Tablet,India,6209,595,0.0958,3.78,2249.1,25,0.042,4578.34,2.04,2806,624,0.2224,0.59,278.32,2.53,94
2025-10-30,Search Campaign 1,AdGroup C,shoes,Desktop,Germany,7771,791,0.1018,3.69,2918.79,10,0.0126,1285.01,0.44,340,68,0.2,0.52,116.32,3.1,184
2025-11-08,Search Campaign 1,AdGroup C,laptop,Mobile,US,4290,570,0.1329,2.43,1385.1,102,0.1789,17214.15,12.43,3119,501,0.1606,0.38,288.64,5.85,92
2025-08-22,Search Campaign 1,AdGroup B,sportswear,Desktop,Germany,9954,775,0.0779,3.81,2952.75,36,0.0465,7081.84,2.4,4373,588,0.1345,0.59,20.9,6.85,71
2025-11-04,Shopping Campaign,AdGroup C,electronics,Mobile,Canada,2857,168,0.0588,4.62,776.16,27,0.1607,1940.17,2.5,3191,797,0.2498,0.67,79.8,7.49,21
2025-10-20,Search Campaign 2,AdGroup A,laptop,Mobile,Germany,5723,831,0.1452,1.53,1271.43,112,0.1348,10076.66,7.93,2219,470,0.2118,0.77,29.34,6.35,79
2025-10-27,Shopping Campaign,AdGroup A,fashion,Tablet,Canada,1280,93,0.0727,0.78,72.54,12,0.129,1049.66,14.47,4111,729,0.1773,0.6,114.35,6.35,175
2025-10-23,Shopping Campaign,AdGroup C,laptop,Tablet,Germany,5221,127,0.0243,1.24,157.48,6,0.0472,64.43,0.41,1590,370,0.2327,0.31,127.93,7.44,62
2025-08-20,Shopping Campaign,AdGroup C,fashion,Mobile,US,2700,243,0.09,3.53,857.79,38,0.1564,2438.45,2.84,1101,99,0.0899,0.63,217.91,1.76,58
2025-09-13,Shopping Campaign,AdGroup C,shoes,Desktop,Germany,7655,1308,0.1709,4.72,6173.76,158,0.1208,28173.09,4.56,4275,394,0.0922,0.66,79.65,4.8,63
2025-08-20,Display Campaign 1,AdGroup B,electronics,Mobile,Germany,381,54,0.1417,3.37,181.98,13,0.2407,779.05,4.28,522,11,0.0211,0.36,163.16,7.29,189
2025-09-15,Search Campaign 1,AdGroup A,shoes,Tablet,US,9544,772,0.0809,2.56,1976.32,31,0.0402,447.74,0.23,3673,654,0.1781,0.56,295.65,9.08,124
2025-09-16,Search Campaign 1,AdGroup C,fashion,Tablet,Canada,6038,1071,0.1774,2.51,2688.21,22,0.0205,2341.82,0.87,1754,146,0.0832,0.24,285.03,1.32,38
2025-08-20,Search Campaign 1,AdGroup C,fashion,Tablet,Canada,6878,1098,0.1596,2.01,2206.98,121,0.1102,2686.55,1.22,768,74,0.0964,0.72,60.2,4.34,36
2025-09-23,Display Campaign 1,AdGroup B,electronics,Mobile,Canada,5601,834,0.1489,0.94,783.96,49,0.0588,7866.09,10.03,1179,274,0.2324,0.49,165.86,6.84,77
2025-09-09,Search Campaign 1,AdGroup B,headphones,Tablet,US,4526,695,0.1536,4.23,2939.85,119,0.1712,22021.71,7.49,2624,584,0.2226,0.71,113.08,8.22,85
2025-11-03,Search Campaign 1,AdGroup B,laptop,Tablet,Germany,6815,1337,0.1962,4.84,6471.08,173,0.1294,14384.67,2.22,324,19,0.0586,0.33,203.22,5.2,32
2025-11-04,Display Campaign 1,AdGroup A,laptop,Desktop,UK,3640,242,0.0665,1.32,319.44,9,0.0372,972.88,3.05,3961,337,0.0851,0.34,31.79,5.19,34
2025-09-05,Search Campaign 1,AdGroup C,headphones,Desktop,India,3341,180,0.0539,4.32,777.6,23,0.1278,2789.78,3.59,88,7,0.0795,0.25,196.68,9.61,11
2025-10-30,Shopping Campaign,AdGroup B,sportswear,Tablet,UK,9996,386,0.0386,3.77,1455.22,57,0.1477,6143.21,4.22,2711,630,0.2324,0.56,234.37,7.42,194
2025-10-17,Search Campaign 2,AdGroup C,shoes,Mobile,Canada,6836,1267,0.1853,0.55,696.85,107,0.0845,12684.5,18.2,3356,146,0.0435,0.69,82.9,5.98,21
2025-09-09,Search Campaign 1,AdGroup C,sportswear,Desktop,US,532,16,0.0301,0.56,8.96,4,0.25,224.18,25.02,2635,598,0.2269,0.54,206.63,7.05,126
2025-08-18,Search Campaign 1,AdGroup C,laptop,Desktop,Canada,6105,710,0.1163,0.88,624.8,36,0.0507,6125.56,9.8,4334,227,0.0524,0.53,43.02,6.98,51
2025-08-22,Search Campaign 1,AdGroup A,electronics,Tablet,US,5462,1058,0.1937,3.04,3216.32,13,0.0123,1371.13,0.43,2293,136,0.0593,0.69,253.1,9.56,189
2025-09-06,Search Campaign 2,AdGroup B,shoes,Tablet,UK,6516,691,0.106,4.04,2791.64,118,0.1708,20983.75,7.52,2181,225,0.1032,0.74,113.76,2.07,38
2025-10-28,Search Campaign 1,AdGroup C,fashion,Tablet,Germany,6667,793,0.1189,1.19,943.67,157,0.198,28737.37,30.45,4743,166,0.035,0.51,39.11,9.57,196
2025-10-20,Search Campaign 1,AdGroup A,sportswear,Tablet,India,2184,68,0.0311,2.54,172.72,4,0.0588,543.58,3.15,3798,721,0.1898,0.37,223.59,5.15,102
2025-10-27,Search Campaign 2,AdGroup B,electronics,Mobile,UK,9359,278,0.0297,1.03,286.34,31,0.1115,1753.15,6.12,3616,788,0.2179,0.25,148.23,9.36,66
2025-10-16,Search Campaign 1,AdGroup A,electronics,Mobile,UK,1445,232,0.1606,4.65,1078.8,14,0.0603,1680.3,1.56,272,36,0.1324,0.76,133.2,1.0,156
2025-10-19,Search Campaign 1,AdGroup A,fashion,Mobile,US,3892,139,0.0357,0.32,44.48,13,0.0935,1762.61,39.63,2886,351,0.1216,0.64,155.58,1.19,138
2025-08-24,Search Campaign 2,AdGroup C,headphones,Mobile,US,3393,616,0.1816,3.87,2383.92,49,0.0795,2551.13,1.07,317,5,0.0158,0.35,264.92,1.2,130
2025-11-09,Search Campaign 1,AdGroup C,electronics,Mobile,Germany,5140,482,0.0938,1.8,867.6,14,0.029,1901.04,2.19,1147,161,0.1404,0.79,74.4,4.83,111
2025-09-12,Search Campaign 1,AdGroup B,sportswear,Mobile,US,5500,52,0.0095,3.98,206.96,11,0.2115,1201.41,5.81,1187,231,0.1946,0.45,207.85,3.1,199
2025-08-19,Display Campaign 1,AdGroup C,laptop,Mobile,Germany,2159,207,0.0959,0.21,43.47,24,0.1159,3121.68,71.81,1299,31,0.0239,0.23,39.3,4.97,70
2025-09-28,Shopping Campaign,AdGroup B,sportswear,Desktop,US,822,139,0.1691,1.58,219.62,22,0.1583,2233.42,10.17,368,15,0.0408,0.78,158.81,5.39,29
2025-08-24,Shopping Campaign,AdGroup C,headphones,Mobile,Canada,7089,1289,0.1818,2.62,3377.18,276,0.2141,5075.08,1.5,64,5,0.0781,0.39,74.55,6.44,139
2025-08-22,Display Campaign 1,AdGroup B,electronics,Mobile,US,107,16,0.1495,0.26,4.16,2,0.125,250.21,60.15,2204,237,0.1075,0.22,91.09,8.91,87
2025-09-09,Search Campaign 1,AdGroup C,shoes,Tablet,India,383,34,0.0888,0.35,11.9,6,0.1765,858.58,72.15,2944,108,0.0367,0.31,204.0,4.37,5
2025-10-25,Display Campaign 1,AdGroup C,shoes,Tablet,Germany,6136,1194,0.1946,3.25,3880.5,112,0.0938,4393.08,1.13,864,138,0.1597,0.57,159.42,3.9,113
2025-08-28,Search Campaign 1,AdGroup B,fashion,Desktop,Canada,3206,276,0.0861,3.37,930.12,52,0.1884,7730.45,8.31,3488,68,0.0195,0.79,264.15,7.87,90
2025-10-21,Search Campaign 1,AdGroup B,sportswear,Desktop,US,9887,178,0.018,2.56,455.68,24,0.1348,1733.9,3.81,4123,73,0.0177,0.51,143.31,9.47,90
2025-09-02,Search Campaign 1,AdGroup B,electronics,Desktop,UK,5343,908,0.1699,1.37,1243.96,41,0.0452,1868.43,1.5,2775,243,0.0876,0.69,107.38,8.8,176
2025-10-06,Search Campaign 1,AdGroup C,electronics,Mobile,Germany,5973,350,0.0586,2.94,1029.0,20,0.0571,3214.13,3.12,3005,524,0.1744,0.65,263.55,9.77,165
2025-09-01,Shopping Campaign,AdGroup C,fashion,Desktop,Germany,8725,366,0.0419,3.26,1193.16,56,0.153,3806.47,3.19,3407,727,0.2134,0.36,268.02,4.29,38
2025-11-11,Shopping Campaign,AdGroup B,headphones,Tablet,US,672,74,0.1101,3.14,232.36,9,0.1216,1214.18,5.23,2753,174,0.0632,0.24,142.92,8.64,6
2025-09-05,Display Campaign 1,AdGroup B,shoes,Desktop,Germany,3432,73,0.0213,1.66,121.18,10,0.137,1953.34,16.12,4743,497,0.1048,0.65,174.58,8.84,107
2025-09-07,Shopping Campaign,AdGroup A,shoes,Tablet,UK,2559,352,0.1376,1.26,443.52,32,0.0909,2307.23,5.2,1334,15,0.0112,0.22,150.43,9.39,26
2025-09-26,Search Campaign 2,AdGroup A,shoes,Desktop,Canada,288,9,0.0312,3.12,28.08,1,0.1111,56.62,2.02,3332,173,0.0519,0.63,51.54,3.76,131
2025-11-04,Search Campaign 2,AdGroup A,sportswear,Mobile,India,6734,800,0.1188,3.58,2864.0,102,0.1275,8342.52,2.91,1314,317,0.2412,0.65,32.23,9.42,146
2025-09-07,Search Campaign 2,AdGroup C,fashion,Desktop,UK,7360,942,0.128,3.07,2891.94,142,0.1507,20791.64,7.19,1315,22,0.0167,0.29,124.31,8.32,93
2025-09-28,Search Campaign 2,AdGroup C,fashion,Tablet,US,8867,954,0.1076,0.81,772.74,166,0.174,11308.69,14.63,3235,659,0.2037,0.44,91.69,2.27,200
2025-09-20,Search Campaign 1,AdGroup B,headphones,Desktop,Germany,1786,173,0.0969,2.01,347.73,0,0.0,0.0,0.0,1818,318,0.1749,0.6,230.68,1.3,187
2025-10-14,Display Campaign 1,AdGroup B,fashion,Mobile,US,2724,66,0.0242,3.91,258.06,8,0.1212,1244.15,4.82,4819,189,0.0392,0.62,48.31,3.14,109
2025-10-03,Search Campaign 1,AdGroup A,fashion,Mobile,UK,4228,232,0.0549,3.3,765.6,48,0.2069,2350.35,3.07,562,59,0.105,0.45,136.75,5.09,187
2025-08-20,Shopping Campaign,AdGroup C,laptop,Desktop,India,7787,89,0.0114,1.22,108.58,12,0.1348,2013.14,18.54,4469,778,0.1741,0.34,86.22,1.75,187
2025-10-19,Search Campaign 2,AdGroup A,fashion,Mobile,Germany,5779,564,0.0976,2.18,1229.52,92,0.1631,15368.25,12.5,908,110,0.1211,0.33,112.65,5.06,141
2025-08-26,Search Campaign 1,AdGroup A,headphones,Desktop,UK,8587,1060,0.1234,2.77,2936.2,93,0.0877,3478.83,1.18,725,116,0.16,0.57,51.23,8.23,37
2025-10-24,Search Campaign 2,AdGroup A,laptop,Mobile,India,2897,337,0.1163,4.33,1459.21,75,0.2226,3199.51,2.19,460,23,0.05,0.45,280.62,2.18,54
2025-08-29,Search Campaign 2,AdGroup A,fashion,Mobile,India,1652,220,0.1332,0.2,44.0,41,0.1864,992.69,22.56,1224,294,0.2402,0.51,165.13,6.52,91
2025-10-21,Shopping Campaign,AdGroup A,headphones,Tablet,Germany,555,36,0.0649,3.54,127.44,3,0.0833,517.89,4.06,461,68,0.1475,0.66,189.08,3.51,54
2025-11-01,Search Campaign 2,AdGroup A,headphones,Mobile,India,2277,186,0.0817,4.76,885.36,17,0.0914,2876.22,3.25,2789,61,0.0219,0.33,52.58,3.09,84
2025-09-23,Display Campaign 1,AdGroup A,sportswear,Mobile,US,4139,508,0.1227,3.76,1910.08,41,0.0807,7949.24,4.16,240,25,0.1042,0.51,40.62,9.11,22
2025-09-27,Search Campaign 1,AdGroup C,electronics,Tablet,US,979,17,0.0174,4.43,75.31,5,0.2941,88.5,1.18,1077,63,0.0585,0.32,194.92,2.39,29
2025-08-17,Shopping Campaign,AdGroup C,electronics,Desktop,US,4022,500,0.1243,4.09,2045.0,23,0.046,1261.25,0.62,2738,303,0.1107,0.51,266.93,1.99,137
2025-10-14,Shopping Campaign,AdGroup A,fashion,Desktop,Germany,4260,647,0.1519,4.82,3118.54,106,0.1638,14525.57,4.66,4526,43,0.0095,0.21,281.8,6.7,176
2025-10-22,Search Campaign 1,AdGroup C,electronics,Tablet,UK,3240,383,0.1182,0.75,287.25,14,0.0366,1809.1,6.3,1016,16,0.0157,0.6,155.01,9.26,146
2025-09-11,Search Campaign 1,AdGroup C,sportswear,Mobile,Germany,5682,1037,0.1825,3.0,3111.0,20,0.0193,3966.34,1.27,2958,732,0.2475,0.63,62.73,8.73,189
2025-09-18,Shopping Campaign,AdGroup A,laptop,Mobile,UK,4189,380,0.0907,1.21,459.8,5,0.0132,56.13,0.12,314,2,0.0064,0.47,117.85,9.07,115
2025-09-22,Search Campaign 1,AdGroup C,electronics,Desktop,UK,4252,661,0.1555,3.52,2326.72,123,0.1861,17675.66,7.6,3651,638,0.1747,0.39,166.57,1.36,152
2025-10-13,Shopping Campaign,AdGroup A,laptop,Mobile,UK,8623,1082,0.1255,3.84,4154.88,14,0.0129,1696.67,0.41,206,2,0.0097,0.65,43.06,8.48,46
2025-10-21,Shopping Campaign,AdGroup A,shoes,Desktop,US,2376,440,0.1852,2.82,1240.8,93,0.2114,6686.27,5.39,2872,30,0.0104,0.33,70.23,8.68,196
2025-10-18,Shopping Campaign,AdGroup B,shoes,Desktop,Canada,801,38,0.0474,2.32,88.16,0,0.0,0.0,0.0,3135,669,0.2134,0.5,23.82,5.29,20
2025-09-17,Display Campaign 1,AdGroup C,sportswear,Tablet,UK,3444,302,0.0877,2.22,670.44,11,0.0364,424.79,0.63,905,19,0.021,0.76,225.0,1.01,160
2025-09-28,Search Campaign 1,AdGroup C,electronics,Desktop,UK,3659,96,0.0262,0.23,22.08,10,0.1042,1939.26,87.83,3290,771,0.2343,0.69,254.18,7.35,104
2025-09-24,Search Campaign 2,AdGroup A,shoes,Desktop,US,2851,406,0.1424,4.82,1956.92,18,0.0443,1810.93,0.93,3757,726,0.1932,0.44,289.3,5.02,85
2025-09-06,Search Campaign 2,AdGroup A,shoes,Mobile,India,510,48,0.0941,4.43,212.64,3,0.0625,112.51,0.53,2801,596,0.2128,0.64,147.34,3.28,159
2025-10-09,Search Campaign 2,AdGroup A,sportswear,Tablet,Canada,8978,619,0.0689,1.89,1169.91,10,0.0162,1563.76,1.34,2948,291,0.0987,0.41,206.22,3.05,127
2025-10-29,Display Campaign 1,AdGroup B,sportswear,Desktop,Germany,5493,792,0.1442,3.1,2455.2,158,0.1995,4798.39,1.95,3741,347,0.0928,0.33,32.69,3.59,91
2025-09-06,Shopping Campaign,AdGroup A,sportswear,Mobile,Canada,336,23,0.0685,2.42,55.66,5,0.2174,690.03,12.4,367,63,0.1717,0.6,84.92,2.6,120
2025-11-05,Search Campaign 2,AdGroup C,shoes,Desktop,Canada,7032,199,0.0283,4.73,941.27,21,0.1055,3279.88,3.48,4327,880,0.2034,0.22,183.81,9.6,66
2025-09-05,Display Campaign 1,AdGroup A,sportswear,Mobile,Canada,1733,263,0.1518,4.99,1312.37,36,0.1369,1235.49,0.94,4878,831,0.1704,0.43,170.05,7.47,27
2025-09-17,Search Campaign 2,AdGroup C,electronics,Tablet,India,3985,222,0.0557,1.68,372.96,31,0.1396,1030.04,2.76,1714,53,0.0309,0.54,278.27,4.72,170
2025-10-23,Search Campaign 2,AdGroup A,electronics,Desktop,UK,4548,202,0.0444,0.75,151.5,41,0.203,3174.77,20.96,437,43,0.0984,0.59,44.44,7.61,140
2025-09-28,Display Campaign 1,AdGroup A,headphones,Desktop,India,9433,506,0.0536,4.58,2317.48,120,0.2372,20376.37,8.79,1759,126,0.0716,0.63,265.49,8.85,87
2025-08-29,Display Campaign 1,AdGroup A,headphones,Mobile,Germany,9274,499,0.0538,1.29,643.71,17,0.0341,453.59,0.7,2422,139,0.0574,0.4,173.6,9.68,53
2025-10-11,Search Campaign 2,AdGroup A,shoes,Desktop,India,2358,227,0.0963,4.13,937.51,4,0.0176,128.31,0.14,2680,526,0.1963,0.62,32.25,6.5,44
