Order_ID,Order_Date,Product_Type,Machine_Type,Scheduling_Delay_Hrs,Production_Time_Hrs,Machine_Delay_Hrs,Dispatch_Delay_Hrs,Total_Lead_Time_Hrs,Estimated_Delivery_Date,Predicted_Lead_Time_Hrs,Customer_Satisfaction_Score
ORD-1000,2023-09-13 15:04:06,Component-A,Assembly,5.99,11.45,3.97,7.05,28.46,2023-09-14 19:31:34.669037,27.99,7.15
ORD-1001,2023-07-02 09:09:00,Component-A,LaserCut,4.53,18.32,4.15,3.06,30.06,2023-07-03 15:12:38.810412,31.15,6.99
ORD-1002,2023-08-27 17:55:23,Housing,Milling,4.07,10.14,3.36,0.17,17.75,2023-08-28 11:40:10.862665,14.3,8.23
ORD-1003,2023-10-03 06:59:16,Component-B,Milling,3.88,7.95,3.47,2.18,17.48,2023-10-04 00:28:01.923909,14.65,8.25
ORD-1004,2023-06-26 23:37:13,Component-B,Assembly,7.93,11.1,3.1,1.15,23.28,2023-06-27 22:54:00.957774,22.19,7.67
ORD-1005,2023-10-26 13:06:32,Gear-Unit,3DPrint,5.22,7.4,3.56,2.8,18.98,2023-10-27 08:05:20.505863,18.4,8.1
ORD-1006,2023-10-02 21:45:24,Rotor,3DPrint,3.8,19.41,2.98,1.88,28.07,2023-10-04 01:49:36.114547,29.72,7.19
ORD-1007,2023-10-21 21:05:18,Component-B,Milling,2.56,12.84,0.06,1.34,16.8,2023-10-22 13:53:10.403267,17.19,8.32
ORD-1008,2023-01-28 05:57:18,Component-B,LaserCut,6.48,12.69,2.83,3.4,25.39,2023-01-29 07:20:30.215292,22.43,7.46
ORD-1009,2023-10-31 04:56:21,Gear-Unit,Assembly,3.56,10.16,4.59,4.69,22.99,2023-11-01 03:55:47.435104,19.46,7.7
ORD-1010,2023-11-22 02:42:07,Component-A,3DPrint,5.65,10.46,1.98,5.22,23.32,2023-11-23 02:01:03.910220,25.38,7.67
ORD-1011,2023-07-05 15:16:50,Housing,LaserCut,6.86,8.64,2.54,4.66,22.7,2023-07-06 13:59:05.834400,24.66,7.73
ORD-1012,2023-02-01 15:47:37,Gear-Unit,Assembly,4.04,11.26,1.34,1.61,18.25,2023-02-02 10:02:26.559671,19.87,8.18
ORD-1013,2023-05-23 11:43:04,Rotor,CNC,7.71,11.71,4.51,4.72,28.65,2023-05-24 16:22:14.839484,27.36,7.13
ORD-1014,2023-12-14 17:08:05,Component-B,Assembly,5.72,18.15,2.95,7.13,33.95,2023-12-16 03:05:06.748627,28.71,6.6
ORD-1015,2023-12-18 06:00:07,Component-A,LaserCut,6.64,12.35,2.55,4.18,25.73,2023-12-19 07:43:44.213713,21.75,7.43
ORD-1016,2023-07-12 21:02:58,Housing,CNC,4.56,13.43,5.22,2.96,26.17,2023-07-13 23:13:07.865707,24.55,7.38
ORD-1017,2023-11-13 09:31:57,Component-B,3DPrint,4.0,15.66,3.49,2.94,26.09,2023-11-14 11:37:27.122306,27.12,7.39
ORD-1018,2023-01-31 06:45:13,Rotor,3DPrint,5.19,15.87,1.95,3.34,26.36,2023-02-01 09:06:50.192057,25.58,7.36
ORD-1019,2023-07-21 04:05:35,Rotor,LaserCut,2.07,13.18,3.39,4.01,22.66,2023-07-22 02:45:08.339721,22.19,7.73
ORD-1020,2023-01-10 18:09:36,Housing,Assembly,2.17,10.32,2.49,2.4,17.37,2023-01-11 11:31:40.983282,17.05,8.26
ORD-1021,2023-08-23 10:40:33,Gear-Unit,LaserCut,5.81,19.54,3.26,4.52,33.13,2023-08-24 19:48:20.326149,32.98,6.69
ORD-1022,2023-03-12 18:29:33,Rotor,3DPrint,1.16,11.89,3.09,8.93,25.07,2023-03-13 19:33:56.633787,24.69,7.49
ORD-1023,2023-10-23 04:23:29,Component-A,CNC,5.6,11.86,1.25,6.29,25.0,2023-10-24 05:23:17.754242,26.5,7.5
ORD-1024,2023-11-13 17:02:36,Rotor,LaserCut,6.58,8.36,5.1,1.2,21.25,2023-11-14 14:17:18.012297,22.42,7.88
ORD-1025,2023-03-11 07:31:08,Component-B,LaserCut,9.38,8.04,2.15,4.2,23.77,2023-03-12 07:17:15.039513,22.76,7.62
ORD-1026,2023-02-24 14:23:20,Housing,Assembly,1.9,12.27,1.41,4.95,20.53,2023-02-25 10:54:55.955580,18.69,7.95
ORD-1027,2023-07-20 15:20:23,Housing,Milling,8.1,8.87,2.52,5.63,25.11,2023-07-21 16:27:01.872084,22.65,7.49
ORD-1028,2023-01-18 02:52:49,Housing,Milling,5.45,17.23,0.59,4.37,27.64,2023-01-19 06:31:18.521506,28.16,7.24
ORD-1029,2023-11-09 04:22:30,Component-B,3DPrint,6.56,7.05,1.02,5.04,19.68,2023-11-10 00:03:14.548002,20.27,8.03
ORD-1030,2023-01-18 01:44:29,Rotor,CNC,5.5,13.39,1.98,4.46,25.33,2023-01-19 03:04:21.495862,25.92,7.47
ORD-1031,2023-10-27 13:55:08,Component-B,LaserCut,3.57,19.46,3.71,1.62,28.36,2023-10-28 18:16:53.135344,29.68,7.16
ORD-1032,2023-11-29 18:20:46,Component-B,LaserCut,3.05,15.15,4.74,2.36,25.3,2023-11-30 19:38:29.813703,27.22,7.47
ORD-1033,2023-12-10 12:34:18,Component-B,3DPrint,5.83,15.29,5.85,3.51,30.47,2023-12-11 19:02:23.576649,28.96,6.95
ORD-1034,2023-10-22 21:01:40,Component-B,Milling,3.22,8.74,2.88,4.68,19.52,2023-10-23 16:33:07.772991,20.08,8.05
ORD-1035,2023-08-26 08:53:27,Component-B,3DPrint,6.65,12.05,5.18,3.47,27.36,2023-08-27 12:14:53.501453,32.8,7.26
ORD-1036,2023-06-01 00:50:18,Housing,LaserCut,6.25,8.57,1.39,4.96,21.18,2023-06-01 22:01:10.717992,20.73,7.88
ORD-1037,2023-06-03 13:25:52,Gear-Unit,3DPrint,6.43,13.89,2.89,2.31,25.52,2023-06-04 14:56:57.234453,22.49,7.45
ORD-1038,2023-01-04 00:50:15,Housing,CNC,4.11,15.43,3.32,1.51,24.36,2023-01-05 01:11:59.021995,24.71,7.56
ORD-1039,2023-11-02 17:25:29,Rotor,3DPrint,5.77,8.46,3.23,4.12,21.58,2023-11-03 15:00:24.956398,19.3,7.84
ORD-1040,2023-05-12 14:04:53,Gear-Unit,CNC,5.72,14.24,4.62,6.11,30.69,2023-05-13 20:46:20.217662,27.94,6.93
ORD-1041,2023-10-07 06:29:19,Rotor,CNC,3.12,14.06,3.77,5.03,25.99,2023-10-08 08:28:25.955037,33.69,7.4
ORD-1042,2023-05-29 09:11:07,Housing,3DPrint,6.14,16.54,4.43,5.3,32.42,2023-05-30 17:36:11.183428,31.79,6.76
ORD-1043,2023-06-06 19:11:58,Component-A,CNC,6.52,8.91,2.64,3.03,21.1,2023-06-07 16:18:00.457277,21.26,7.89
ORD-1044,2023-04-23 12:54:33,Rotor,Milling,9.63,4.53,4.03,0.77,18.96,2023-04-24 07:52:24.173662,18.02,8.1
ORD-1045,2023-04-16 08:33:45,Rotor,3DPrint,7.18,12.26,1.38,2.57,23.39,2023-04-17 07:57:01.068066,24.75,7.66
ORD-1046,2023-01-11 12:30:22,Component-B,3DPrint,3.54,12.87,3.07,2.7,22.17,2023-01-12 10:40:34.929374,26.46,7.78
ORD-1047,2023-11-13 19:18:37,Rotor,CNC,6.27,3.9,3.28,2.68,16.12,2023-11-14 11:26:01.154466,17.83,8.39
ORD-1048,2023-03-02 21:13:18,Rotor,CNC,3.41,11.54,3.76,5.73,24.45,2023-03-03 21:40:00.014631,22.04,7.56
ORD-1049,2023-07-25 16:20:53,Component-B,3DPrint,4.33,10.1,2.02,7.53,23.98,2023-07-26 16:19:48.671295,24.79,7.6
ORD-1050,2023-10-09 16:59:42,Component-A,Milling,2.48,15.67,6.18,6.06,30.4,2023-10-10 23:23:34.240906,27.36,6.96
ORD-1051,2023-06-17 23:38:15,Housing,Assembly,4.03,17.07,1.94,4.89,27.93,2023-06-19 03:33:46.119992,29.47,7.21
ORD-1052,2023-03-30 21:19:43,Rotor,CNC,3.15,11.76,1.86,1.95,18.72,2023-03-31 16:02:59.188096,18.22,8.13
ORD-1053,2023-11-03 01:40:51,Component-A,3DPrint,2.5,18.53,0.85,3.12,25.01,2023-11-04 02:41:22.600121,25.27,7.5
ORD-1054,2023-03-24 02:06:26,Component-B,3DPrint,7.88,6.26,4.74,4.02,22.9,2023-03-25 01:00:41.515005,20.94,7.71
ORD-1055,2023-12-25 13:39:43,Gear-Unit,LaserCut,5.92,12.8,2.1,4.14,24.96,2023-12-26 14:37:18.008506,24.19,7.5
ORD-1056,2023-04-01 18:42:12,Component-A,LaserCut,5.23,14.65,5.38,1.52,26.78,2023-04-02 21:28:56.225815,31.05,7.32
ORD-1057,2023-01-14 07:17:53,Component-A,Milling,1.1,11.39,3.88,4.56,20.93,2023-01-15 04:13:52.316838,19.69,7.91
ORD-1058,2023-12-04 19:38:44,Component-A,Milling,4.58,10.03,2.12,5.7,22.43,2023-12-05 18:04:20.871749,23.14,7.76
ORD-1059,2023-09-05 21:24:50,Housing,LaserCut,3.61,15.6,3.46,5.63,28.3,2023-09-07 01:42:47.313789,29.56,7.17
ORD-1060,2023-10-18 08:55:47,Component-A,Milling,3.34,9.76,4.12,5.22,22.44,2023-10-19 07:22:21.680321,22.4,7.76
ORD-1061,2023-03-10 08:36:41,Component-B,CNC,5.23,17.11,2.11,5.09,29.55,2023-03-11 14:09:48.747304,29.15,7.04
ORD-1062,2023-05-31 06:50:14,Component-A,Assembly,4.56,16.4,4.24,5.63,30.82,2023-06-01 13:39:43.599669,33.44,6.92
ORD-1063,2023-04-13 16:58:10,Rotor,Assembly,5.04,14.73,2.53,4.65,26.95,2023-04-14 19:55:19.907699,26.69,7.3
ORD-1064,2023-05-04 02:07:08,Rotor,3DPrint,5.19,14.38,1.77,8.18,29.53,2023-05-05 07:39:03.428810,27.52,7.05
ORD-1065,2023-03-21 12:45:01,Rotor,LaserCut,2.57,16.63,4.19,5.25,28.64,2023-03-22 17:23:24.279797,29.9,7.14
ORD-1066,2023-06-18 09:57:49,Rotor,Milling,4.98,8.41,3.11,2.65,19.15,2023-06-19 05:06:34.140577,21.1,8.09
ORD-1067,2023-09-25 20:53:47,Component-B,LaserCut,4.71,8.7,2.52,4.83,20.75,2023-09-26 17:38:38.650145,19.62,7.93
ORD-1068,2023-06-23 12:47:14,Component-A,Milling,3.36,12.97,3.37,2.99,22.68,2023-06-24 11:28:15.937619,21.74,7.73
ORD-1069,2023-08-12 15:55:42,Housing,CNC,5.46,6.21,0.89,2.56,15.12,2023-08-13 07:03:07.242257,14.7,8.49
ORD-1070,2023-02-01 10:31:41,Component-B,Assembly,5.62,17.9,4.29,3.68,31.49,2023-02-02 18:01:04.468546,31.45,6.85
ORD-1071,2023-09-28 05:14:40,Housing,CNC,2.99,11.93,2.57,4.65,22.13,2023-09-29 03:22:40.016401,20.48,7.79
ORD-1072,2023-10-20 04:59:51,Component-B,Milling,6.04,18.13,2.84,4.8,31.81,2023-10-21 12:48:26.754847,33.19,6.82
ORD-1073,2023-06-12 16:58:42,Component-B,Assembly,4.2,12.9,3.02,4.2,24.31,2023-06-13 17:17:11.411214,22.76,7.57
ORD-1074,2023-07-30 01:31:15,Gear-Unit,LaserCut,5.05,13.99,5.18,5.92,30.14,2023-07-31 07:39:25.574079,34.44,6.99
ORD-1075,2023-06-14 00:49:07,Rotor,3DPrint,3.47,15.49,3.28,8.38,30.61,2023-06-15 07:25:40.142666,28.99,6.94
ORD-1076,2023-03-27 03:37:08,Rotor,Assembly,3.32,9.6,0.19,2.95,16.06,2023-03-27 19:40:34.349397,14.54,8.39
ORD-1077,2023-04-08 04:48:08,Housing,Milling,5.3,13.37,5.81,5.9,30.38,2023-04-09 11:11:06.495481,29.23,6.96
ORD-1078,2023-03-06 10:37:48,Rotor,Assembly,3.2,13.97,1.02,7.66,25.85,2023-03-07 12:29:00.294232,28.21,7.41
ORD-1079,2023-11-18 23:01:09,Housing,Milling,4.06,5.15,5.03,3.77,18.01,2023-11-19 17:01:48.022021,20.49,8.2
ORD-1080,2023-06-10 14:35:32,Gear-Unit,LaserCut,1.81,9.6,3.01,4.09,18.52,2023-06-11 09:06:27.696780,17.62,8.15
ORD-1081,2023-02-02 20:23:29,Component-A,3DPrint,6.25,7.73,2.79,4.24,21.0,2023-02-03 17:23:37.064659,22.03,7.9
ORD-1082,2023-10-15 22:46:52,Component-B,3DPrint,6.42,7.5,0.7,6.56,21.18,2023-10-16 19:57:35.837595,21.84,7.88
ORD-1083,2023-02-04 00:39:50,Housing,LaserCut,3.5,18.2,3.17,6.36,31.24,2023-02-05 07:54:13.068135,31.37,6.88
ORD-1084,2023-11-12 14:51:10,Rotor,Milling,9.12,19.02,2.63,5.94,36.71,2023-11-14 03:33:55.197635,38.0,6.33
ORD-1085,2023-02-19 21:21:18,Component-A,Assembly,7.74,8.14,4.03,6.12,26.02,2023-02-20 23:22:42.583571,22.51,7.4
ORD-1086,2023-10-31 07:53:44,Gear-Unit,CNC,2.63,3.84,2.6,5.44,14.51,2023-10-31 22:24:11.102685,17.51,8.55
ORD-1087,2023-12-30 03:48:33,Gear-Unit,CNC,5.15,18.51,0.93,0.59,25.19,2023-12-31 04:59:41.644838,25.07,7.48
ORD-1088,2023-03-19 10:50:12,Rotor,Milling,5.77,11.87,0.1,3.82,21.56,2023-03-20 08:23:48.989916,18.95,7.84
ORD-1089,2023-11-10 11:24:58,Component-B,Milling,6.34,13.47,1.59,2.97,24.37,2023-11-11 11:47:03.464444,22.25,7.56
ORD-1090,2023-12-28 06:27:18,Gear-Unit,LaserCut,4.87,15.82,1.52,5.01,27.22,2023-12-29 09:40:46.974176,26.16,7.28
ORD-1091,2023-08-08 09:30:25,Component-B,Milling,3.41,11.57,1.45,2.89,19.33,2023-08-09 04:49:58.494885,16.93,8.07
ORD-1092,2023-01-18 21:27:31,Component-A,Milling,8.93,12.14,1.95,4.43,27.45,2023-01-20 00:54:26.953720,27.22,7.26
ORD-1093,2023-03-29 13:39:46,Rotor,LaserCut,4.56,14.46,4.14,2.94,26.09,2023-03-30 15:45:09.952735,24.94,7.39
ORD-1094,2023-10-06 23:00:07,Component-B,LaserCut,4.45,2.79,0.73,6.73,14.7,2023-10-07 13:42:18.425998,17.99,8.53
ORD-1095,2023-07-26 01:18:20,Gear-Unit,3DPrint,4.5,14.31,3.47,10.16,32.43,2023-07-27 09:44:18.053439,34.67,6.76
ORD-1096,2023-11-28 15:01:52,Rotor,3DPrint,4.74,8.18,0.59,4.41,17.92,2023-11-29 08:57:01.339046,16.41,8.21
ORD-1097,2023-05-17 14:15:52,Component-A,CNC,2.16,9.41,1.38,7.37,20.32,2023-05-18 10:35:08.184311,22.08,7.97
ORD-1098,2023-07-09 20:34:31,Rotor,Milling,4.98,17.92,3.12,2.28,28.3,2023-07-11 00:52:21.335194,31.34,7.17
ORD-1099,2023-12-07 22:39:16,Rotor,Assembly,6.08,7.85,2.71,2.25,18.89,2023-12-08 17:32:47.527406,16.13,8.11
ORD-1100,2023-09-05 14:05:11,Rotor,CNC,6.85,19.64,0.9,5.13,32.52,2023-09-06 22:36:16.191571,31.22,6.75
ORD-1101,2023-01-10 18:58:10,Rotor,LaserCut,4.03,9.63,1.7,4.1,19.46,2023-01-11 14:25:36.030293,17.8,8.05
ORD-1102,2023-08-24 06:02:34,Rotor,CNC,5.54,11.8,2.64,2.18,22.17,2023-08-25 04:12:33.082550,21.01,7.78
ORD-1103,2023-06-02 23:04:29,Housing,CNC,6.51,14.0,1.53,4.2,26.25,2023-06-04 01:19:17.418605,27.75,7.38
ORD-1104,2023-06-14 01:24:19,Component-A,3DPrint,1.66,14.17,2.01,5.14,22.98,2023-06-15 00:23:13.810862,21.46,7.7
ORD-1105,2023-01-16 12:31:02,Component-B,LaserCut,1.39,5.49,3.07,4.52,14.47,2023-01-17 02:59:19.898494,12.66,8.55
ORD-1106,2023-05-27 06:25:00,Rotor,CNC,6.28,5.35,2.9,1.58,16.11,2023-05-27 22:31:35.829256,14.81,8.39
ORD-1107,2023-12-12 19:38:46,Component-A,CNC,5.09,8.56,2.42,6.01,22.09,2023-12-13 17:44:06.026261,20.94,7.79
ORD-1108,2023-11-06 19:37:02,Gear-Unit,LaserCut,6.67,7.48,3.79,6.88,24.83,2023-11-07 20:26:51.441129,19.89,7.52
ORD-1109,2023-04-01 08:18:55,Housing,3DPrint,3.41,14.31,2.7,4.74,25.15,2023-04-02 09:28:02.997996,23.94,7.48
ORD-1110,2023-11-07 13:48:52,Rotor,Assembly,5.17,11.38,4.75,4.51,25.81,2023-11-08 15:37:31.547485,26.49,7.42
ORD-1111,2023-03-08 18:33:54,Housing,LaserCut,4.18,10.05,2.35,4.79,21.37,2023-03-09 15:55:51.197428,20.52,7.86
ORD-1112,2023-12-30 12:21:14,Rotor,3DPrint,5.58,20.3,4.31,3.35,33.54,2023-12-31 21:53:22.854437,35.94,6.65
ORD-1113,2023-01-11 00:03:07,Component-A,LaserCut,4.18,3.85,1.49,0.26,9.78,2023-01-11 09:49:46.496097,9.07,9.02
ORD-1114,2023-08-06 07:48:53,Component-A,Milling,5.04,18.71,3.49,3.56,30.79,2023-08-07 14:36:34.193638,32.45,6.92
ORD-1115,2023-06-08 16:40:09,Gear-Unit,Milling,0.58,12.94,4.16,1.04,18.72,2023-06-09 11:23:18.526489,21.01,8.13
ORD-1116,2023-02-04 19:29:07,Component-B,Assembly,5.68,10.34,3.95,8.54,28.51,2023-02-05 23:59:30.038827,28.87,7.15
ORD-1117,2023-12-21 19:46:20,Gear-Unit,CNC,5.5,10.16,1.73,5.66,23.04,2023-12-22 18:49:01.649552,21.33,7.7
ORD-1118,2023-11-26 11:29:46,Component-B,Assembly,5.14,10.09,3.72,4.67,23.62,2023-11-27 11:06:51.867892,25.69,7.64
ORD-1119,2023-04-30 02:06:57,Component-A,LaserCut,3.98,10.92,1.53,3.11,19.54,2023-04-30 21:39:34.447322,20.3,8.05
ORD-1120,2023-06-02 04:27:05,Gear-Unit,CNC,6.51,8.31,4.3,6.71,25.84,2023-06-03 06:17:32.601924,26.67,7.42
ORD-1121,2023-05-13 04:44:26,Component-A,Milling,8.75,8.9,1.13,0.44,19.23,2023-05-13 23:58:28.444193,22.23,8.08
ORD-1122,2023-08-18 18:15:58,Rotor,Assembly,6.31,11.78,3.42,1.75,23.26,2023-08-19 17:31:17.322906,28.15,7.67
ORD-1123,2023-02-10 19:13:05,Gear-Unit,LaserCut,5.26,12.44,4.09,4.96,26.75,2023-02-11 21:57:53.083790,27.19,7.33
ORD-1124,2023-05-03 02:40:38,Rotor,Assembly,3.42,13.89,5.82,6.69,29.82,2023-05-04 08:29:45.684877,33.01,7.02
ORD-1125,2023-10-07 08:59:13,Component-A,3DPrint,3.98,8.04,2.81,4.11,18.94,2023-10-08 03:55:43.907718,21.13,8.11
ORD-1126,2023-10-09 07:18:56,Rotor,Assembly,1.62,18.12,2.76,3.15,25.64,2023-10-10 08:57:28.992910,23.62,7.44
ORD-1127,2023-11-05 05:31:14,Component-A,Milling,1.69,15.29,3.11,1.42,21.51,2023-11-06 03:02:00.886916,18.92,7.85
ORD-1128,2023-04-09 19:27:48,Rotor,CNC,4.33,18.68,2.61,0.99,26.61,2023-04-10 22:04:19.837569,26.12,7.34
ORD-1129,2023-02-27 06:50:50,Component-B,CNC,4.45,1.21,2.92,3.54,12.12,2023-02-27 18:58:15.301743,13.52,8.79
ORD-1130,2023-08-31 23:03:54,Gear-Unit,Milling,8.7,16.51,2.6,1.79,29.59,2023-09-02 04:39:10.034837,34.73,7.04
ORD-1131,2023-10-23 14:57:01,Rotor,3DPrint,5.12,12.06,2.96,4.4,24.53,2023-10-24 15:29:03.889336,24.25,7.55
ORD-1132,2023-02-20 00:32:54,Component-A,LaserCut,3.85,9.81,2.95,2.91,19.53,2023-02-20 20:04:39.338785,18.1,8.05
ORD-1133,2023-08-02 13:06:38,Rotor,CNC,5.21,10.98,5.26,1.3,22.75,2023-08-03 11:51:41.170467,24.93,7.72
ORD-1134,2023-11-10 11:29:47,Housing,CNC,7.49,3.71,2.49,3.26,16.94,2023-11-11 04:26:17.106796,14.13,8.31
ORD-1135,2023-10-15 17:04:47,Rotor,CNC,3.44,7.56,5.63,5.87,22.5,2023-10-16 15:34:53.572500,25.04,7.75
ORD-1136,2023-03-10 21:31:11,Component-A,LaserCut,6.44,7.48,2.21,4.98,21.12,2023-03-11 18:38:19.780759,18.67,7.89
ORD-1137,2023-04-24 11:17:51,Rotor,Assembly,6.43,11.04,2.44,5.42,25.32,2023-04-25 12:37:18.782374,26.21,7.47
ORD-1138,2023-03-19 14:43:36,Gear-Unit,LaserCut,4.28,16.64,1.38,5.23,27.53,2023-03-20 18:15:08.387176,28.71,7.25
ORD-1139,2023-05-07 06:01:01,Gear-Unit,LaserCut,4.38,13.3,1.12,5.85,24.66,2023-05-08 06:40:25.562383,24.29,7.53
ORD-1140,2023-06-10 19:27:12,Component-B,CNC,3.95,16.2,1.94,1.18,23.28,2023-06-11 18:43:49.749842,20.16,7.67
ORD-1141,2023-07-29 22:03:35,Component-B,Assembly,6.21,6.88,5.63,0.16,18.89,2023-07-30 16:56:45.869293,22.28,8.11
ORD-1142,2023-03-02 05:14:35,Rotor,Assembly,5.42,11.61,2.18,4.8,24.02,2023-03-03 05:15:32.873907,23.94,7.6
ORD-1143,2023-11-25 22:00:23,Component-B,3DPrint,7.21,12.46,3.23,3.27,26.16,2023-11-27 00:10:05.273275,26.05,7.38
ORD-1144,2023-09-18 14:17:06,Rotor,Assembly,5.62,5.16,0.98,5.49,17.24,2023-09-19 07:31:27.048079,17.58,8.28
ORD-1145,2023-10-15 07:12:45,Component-A,Milling,4.63,12.07,3.52,2.92,23.15,2023-10-16 06:21:36.440125,21.59,7.69
ORD-1146,2023-12-11 15:45:34,Component-A,LaserCut,5.39,8.09,3.61,0.59,17.69,2023-12-12 09:26:41.480769,19.74,8.23
ORD-1147,2023-05-07 09:51:45,Component-B,LaserCut,5.95,13.02,4.47,7.33,30.77,2023-05-08 16:38:12.477361,32.8,6.92
ORD-1148,2023-12-24 08:36:24,Component-A,Assembly,1.32,6.88,2.06,4.05,14.31,2023-12-24 22:55:17.632455,15.35,8.57
ORD-1149,2023-05-15 21:32:06,Housing,3DPrint,3.55,12.75,1.87,2.78,20.94,2023-05-16 18:28:28.089938,18.13,7.91
ORD-1150,2023-10-14 18:46:42,Component-B,CNC,3.15,6.59,1.54,6.11,17.39,2023-10-15 12:10:06.967677,15.49,8.26
ORD-1151,2023-04-03 10:23:15,Component-A,CNC,10.26,13.97,3.28,2.28,29.8,2023-04-04 16:11:09.867690,31.2,7.02
ORD-1152,2023-12-15 07:50:46,Component-B,3DPrint,3.85,12.49,6.84,3.81,26.98,2023-12-16 10:49:51.174211,29.28,7.3
ORD-1153,2023-02-16 15:52:41,Gear-Unit,3DPrint,3.59,11.86,5.66,2.75,23.86,2023-02-17 15:44:02.456092,27.48,7.61
ORD-1154,2023-08-15 17:17:37,Component-A,CNC,6.42,9.75,3.95,5.95,26.06,2023-08-16 19:21:10.686191,27.3,7.39
ORD-1155,2023-06-03 03:10:28,Housing,Milling,1.86,9.09,2.63,3.85,17.43,2023-06-03 20:36:19.085363,18.67,8.26
ORD-1156,2023-08-16 18:44:55,Component-B,LaserCut,5.36,6.66,3.57,5.22,20.81,2023-08-17 15:33:14.774203,21.93,7.92
ORD-1157,2023-02-23 18:47:37,Gear-Unit,CNC,7.16,15.34,3.69,3.86,30.05,2023-02-25 00:50:21.479555,26.72,7.0
ORD-1158,2023-01-05 12:17:04,Rotor,Milling,5.86,12.83,3.41,1.45,23.54,2023-01-06 11:49:41.889848,21.38,7.65
ORD-1159,2023-08-05 13:59:12,Component-B,Milling,7.11,11.84,4.02,4.06,27.03,2023-08-06 17:00:49.102402,27.09,7.3
ORD-1160,2023-01-09 17:32:42,Gear-Unit,Milling,6.88,9.94,3.14,3.08,23.03,2023-01-10 16:34:37.269434,22.16,7.7
ORD-1161,2023-03-09 05:23:49,Gear-Unit,LaserCut,4.38,12.89,2.28,6.51,26.06,2023-03-10 07:27:37.888570,24.27,7.39
ORD-1162,2023-03-07 22:44:40,Component-A,3DPrint,4.63,10.24,5.17,4.39,24.43,2023-03-08 23:10:31.271889,26.49,7.56
ORD-1163,2023-06-28 19:30:52,Component-B,3DPrint,2.03,13.07,4.33,4.16,23.6,2023-06-29 19:06:37.940162,25.73,7.64
ORD-1164,2023-09-18 00:43:24,Component-B,CNC,3.97,17.64,6.45,3.27,31.33,2023-09-19 08:02:55.738530,30.43,6.87
ORD-1165,2023-04-12 16:18:45,Rotor,LaserCut,7.91,18.32,2.22,3.16,31.6,2023-04-13 23:54:46.417904,31.04,6.84
ORD-1166,2023-03-06 03:49:06,Component-B,3DPrint,2.31,8.33,1.49,2.46,14.59,2023-03-06 18:24:46.865682,14.53,8.54
ORD-1167,2023-09-01 04:02:27,Gear-Unit,Milling,5.47,18.2,1.5,5.97,31.14,2023-09-02 11:10:56.562620,30.71,6.89
ORD-1168,2023-02-12 18:45:48,Gear-Unit,3DPrint,4.9,14.7,1.32,4.76,25.68,2023-02-13 20:26:39.913234,26.01,7.43
ORD-1169,2023-04-15 12:02:07,Component-A,Assembly,5.98,13.16,6.68,2.72,28.55,2023-04-16 16:35:03.570442,27.49,7.15
ORD-1170,2023-07-15 08:17:29,Gear-Unit,CNC,3.75,9.78,2.04,6.38,21.95,2023-07-16 06:14:42.546230,24.79,7.8
ORD-1171,2023-06-20 13:55:38,Component-B,LaserCut,3.86,8.67,3.71,2.9,19.13,2023-06-21 09:03:32.344518,20.4,8.09
ORD-1172,2023-08-02 11:33:19,Rotor,CNC,5.41,5.94,5.32,7.59,24.26,2023-08-03 11:48:40.177828,23.03,7.57
ORD-1173,2023-06-02 23:31:00,Rotor,LaserCut,4.22,13.14,3.5,5.32,26.19,2023-06-04 01:42:12.595824,30.21,7.38
ORD-1174,2023-06-11 04:37:49,Component-B,Milling,4.65,8.81,0.93,2.54,16.92,2023-06-11 21:33:08.479522,16.86,8.31
ORD-1175,2023-07-09 10:47:12,Rotor,LaserCut,8.59,9.93,3.34,3.97,25.82,2023-07-10 12:36:29.423998,28.2,7.42
ORD-1176,2023-09-10 13:18:46,Housing,Assembly,10.05,9.88,2.27,6.09,28.28,2023-09-11 17:35:50.388462,29.65,7.17
ORD-1177,2023-02-22 09:26:01,Rotor,CNC,8.69,14.34,2.46,5.18,30.67,2023-02-23 16:06:18.396105,32.89,6.93
ORD-1178,2023-12-25 04:51:53,Component-B,Milling,6.64,14.03,4.6,6.34,31.61,2023-12-26 12:28:24.189328,34.37,6.84
ORD-1179,2023-09-08 18:45:26,Component-A,CNC,6.3,11.33,3.22,6.41,27.26,2023-09-09 22:01:09.329300,25.63,7.27
ORD-1180,2023-07-15 00:34:53,Component-A,Assembly,5.74,10.43,3.04,6.56,25.76,2023-07-16 02:20:43.444381,26.15,7.42
ORD-1181,2023-03-24 19:19:12,Housing,CNC,5.09,6.56,4.12,5.29,21.06,2023-03-25 16:23:01.670077,25.39,7.89
ORD-1182,2023-07-05 11:44:32,Component-A,Milling,4.38,12.88,3.37,7.15,27.79,2023-07-06 15:31:56.096933,27.6,7.22
ORD-1183,2023-02-26 18:15:51,Housing,3DPrint,5.56,14.43,3.28,3.11,26.38,2023-02-27 20:38:27.031966,26.76,7.36
ORD-1184,2023-05-29 19:05:32,Component-A,CNC,7.15,7.89,3.2,2.6,20.84,2023-05-30 15:55:57.494660,23.23,7.92
ORD-1185,2023-08-28 12:37:24,Rotor,3DPrint,1.95,9.76,3.57,7.13,22.41,2023-08-29 11:02:17.296821,22.28,7.76
ORD-1186,2023-04-28 11:05:07,Rotor,CNC,3.89,19.52,0.83,0.4,24.64,2023-04-29 11:43:30.353033,25.52,7.54
ORD-1187,2023-03-12 20:30:18,Component-A,3DPrint,4.0,7.92,4.06,4.49,20.46,2023-03-13 16:57:57.946973,19.33,7.95
ORD-1188,2023-11-10 00:03:04,Component-B,Milling,2.44,15.49,3.98,3.8,25.71,2023-11-11 01:45:26.213999,29.4,7.43
ORD-1189,2023-01-01 13:49:49,Rotor,Milling,2.86,5.9,1.96,3.91,14.63,2023-01-02 04:27:32.304326,15.12,8.54
ORD-1190,2023-09-02 04:17:31,Housing,Assembly,4.52,13.41,1.12,6.89,25.94,2023-09-03 06:13:40.490352,25.77,7.41
ORD-1191,2023-08-05 00:09:01,Component-A,Assembly,7.23,13.37,3.69,5.14,29.43,2023-08-06 05:34:49.566776,30.33,7.06
ORD-1192,2023-06-17 10:46:12,Rotor,Milling,6.29,17.32,3.29,5.42,32.31,2023-06-18 19:05:05.441676,32.14,6.77
ORD-1193,2023-08-03 19:25:25,Rotor,LaserCut,7.88,9.29,5.7,3.92,26.8,2023-08-04 22:13:09.735895,23.93,7.32
ORD-1194,2023-06-11 10:13:09,Gear-Unit,3DPrint,5.26,9.28,4.26,2.69,21.49,2023-06-12 07:42:24.790433,20.6,7.85
ORD-1195,2023-11-27 17:06:40,Component-B,Assembly,1.22,10.19,0.64,0.83,12.88,2023-11-28 05:59:26.943775,14.4,8.71
ORD-1196,2023-03-30 05:37:56,Rotor,Assembly,6.57,13.7,1.55,3.9,25.73,2023-03-31 07:21:35.157095,25.72,7.43
ORD-1197,2023-02-10 21:35:33,Gear-Unit,CNC,2.68,18.01,4.32,3.56,28.57,2023-02-12 02:09:48.524101,28.62,7.14
ORD-1198,2023-05-26 18:15:18,Rotor,Assembly,5.42,3.83,2.63,2.64,14.52,2023-05-27 08:46:12.329661,12.51,8.55
ORD-1199,2023-10-01 21:42:48,Housing,LaserCut,4.44,19.19,3.96,2.86,30.45,2023-10-03 04:09:38.826602,31.59,6.96
ORD-1200,2023-01-15 23:00:35,Housing,Assembly,7.8,15.7,3.09,2.71,29.29,2023-01-17 04:18:09.143375,30.69,7.07
ORD-1201,2023-08-29 15:25:27,Gear-Unit,3DPrint,5.79,15.58,3.95,6.1,31.42,2023-08-30 22:50:37.584423,30.35,6.86
ORD-1202,2023-07-07 16:19:29,Component-A,Assembly,7.63,12.79,6.11,2.62,29.16,2023-07-08 21:29:03.928002,32.63,7.08
ORD-1203,2023-06-26 13:08:20,Rotor,3DPrint,5.4,9.39,2.27,3.36,20.42,2023-06-27 09:33:45.054266,21.27,7.96
ORD-1204,2023-05-17 21:19:17,Gear-Unit,Milling,6.05,9.71,2.96,8.28,27.0,2023-05-19 00:19:12.967241,30.45,7.3
ORD-1205,2023-06-26 20:50:11,Component-B,CNC,5.87,12.15,3.18,5.23,26.43,2023-06-27 23:16:05.279075,24.39,7.36
ORD-1206,2023-07-21 00:34:49,Component-B,Assembly,4.49,5.33,3.6,5.29,18.7,2023-07-21 19:17:03.893895,17.74,8.13
ORD-1207,2023-11-18 03:08:23,Component-B,Milling,8.15,7.1,0.8,4.45,20.5,2023-11-18 23:38:13.107889,22.59,7.95
ORD-1208,2023-07-08 14:41:37,Component-B,Milling,8.37,10.16,4.62,3.92,27.07,2023-07-09 17:46:00.961513,26.73,7.29
ORD-1209,2023-11-13 13:19:52,Component-B,Milling,6.77,14.61,0.64,6.95,28.97,2023-11-14 18:17:46.373869,31.73,7.1
ORD-1210,2023-05-16 17:26:45,Gear-Unit,LaserCut,3.75,13.58,3.74,4.52,25.59,2023-05-17 19:02:25.133550,24.49,7.44
ORD-1211,2023-08-03 20:20:20,Component-A,3DPrint,3.66,11.9,4.76,5.09,25.4,2023-08-04 21:44:22.990946,24.66,7.46
ORD-1212,2023-07-16 14:27:22,Gear-Unit,CNC,6.54,0.61,4.72,0.52,12.39,2023-07-17 02:50:56.612554,11.67,8.76
ORD-1213,2023-01-03 23:52:06,Component-B,Milling,2.76,6.82,4.74,3.06,17.39,2023-01-04 17:15:21.979511,18.08,8.26
ORD-1214,2023-04-16 09:45:04,Housing,Milling,4.91,13.91,3.12,1.43,23.36,2023-04-17 09:06:52.853942,25.36,7.66
ORD-1215,2023-03-30 17:55:12,Housing,Milling,4.01,5.77,2.36,7.0,19.15,2023-03-31 13:03:55.821884,20.85,8.09
ORD-1216,2023-04-21 22:03:17,Gear-Unit,LaserCut,4.3,10.6,2.52,8.15,25.58,2023-04-22 23:37:53.149895,26.34,7.44
ORD-1217,2023-04-23 18:54:40,Housing,3DPrint,5.86,16.12,3.36,3.48,28.82,2023-04-24 23:43:56.739607,28.43,7.12
ORD-1218,2023-07-18 07:17:10,Rotor,Milling,4.86,11.85,4.09,4.1,24.9,2023-07-19 08:11:21.680640,26.37,7.51
ORD-1219,2023-01-06 13:36:07,Gear-Unit,3DPrint,4.84,12.31,0.0,5.83,22.99,2023-01-07 12:35:25.462925,23.68,7.7
ORD-1220,2023-08-18 17:30:16,Housing,CNC,7.0,0.41,6.13,3.72,17.26,2023-08-19 10:46:07.773428,19.48,8.27
ORD-1221,2023-12-21 14:16:38,Housing,LaserCut,2.92,14.45,1.42,2.75,21.54,2023-12-22 11:49:15.040999,25.37,7.85
ORD-1222,2023-12-22 01:38:59,Gear-Unit,Assembly,4.62,12.87,4.31,4.99,26.78,2023-12-23 04:26:04.395427,27.09,7.32
ORD-1223,2023-01-16 02:27:48,Component-A,LaserCut,5.73,21.61,2.91,4.4,34.66,2023-01-17 13:07:21.675278,36.76,6.53
ORD-1224,2023-04-05 02:28:11,Component-B,CNC,7.21,16.75,3.96,1.71,29.63,2023-04-06 08:06:03.530945,32.9,7.04
ORD-1225,2023-09-29 21:19:21,Housing,3DPrint,2.71,13.21,1.87,3.87,21.66,2023-09-30 18:58:50.378184,22.32,7.83
ORD-1226,2023-07-07 10:12:34,Gear-Unit,Assembly,5.64,13.69,5.42,4.91,29.66,2023-07-08 15:52:02.918636,29.17,7.03
ORD-1227,2023-10-08 22:18:23,Rotor,Milling,6.93,16.76,1.16,5.19,30.04,2023-10-10 04:20:45.000953,31.44,7.0
ORD-1228,2023-06-19 20:05:10,Component-A,Milling,4.4,17.5,2.77,4.25,28.93,2023-06-21 01:01:11.571183,28.59,7.11
ORD-1229,2023-07-20 02:43:20,Component-A,Milling,5.03,7.61,0.84,7.19,20.67,2023-07-20 23:23:49.969581,18.98,7.93
ORD-1230,2023-02-07 00:44:48,Component-B,Assembly,3.02,3.39,2.04,1.35,9.8,2023-02-07 10:32:44.517498,13.08,9.02
ORD-1231,2023-12-06 12:14:37,Gear-Unit,LaserCut,7.02,9.25,6.38,5.96,28.61,2023-12-07 16:51:10.182928,27.96,7.14
ORD-1232,2023-05-23 02:56:18,Housing,LaserCut,0.0,21.16,0.92,0.71,22.79,2023-05-24 01:43:41.289600,24.83,7.72
ORD-1233,2023-08-17 10:52:57,Housing,Assembly,9.88,17.54,3.85,5.19,36.45,2023-08-18 23:20:04.086420,38.16,6.35
ORD-1234,2023-06-25 07:04:02,Component-B,CNC,6.52,13.12,3.16,3.87,26.67,2023-06-26 09:44:27.457792,25.17,7.33
ORD-1235,2023-08-09 03:55:06,Component-B,CNC,4.44,5.23,2.85,2.02,14.54,2023-08-09 18:27:37.671366,12.33,8.55
ORD-1236,2023-02-22 22:23:13,Gear-Unit,Milling,5.36,17.57,4.38,0.86,28.16,2023-02-24 02:33:04.376138,26.19,7.18
ORD-1237,2023-12-21 11:32:36,Component-A,3DPrint,6.88,8.07,2.66,5.1,22.71,2023-12-22 10:15:29.090190,20.78,7.73
ORD-1238,2023-03-08 18:27:18,Component-A,CNC,5.21,6.66,2.1,4.64,18.61,2023-03-09 13:04:01.781166,15.43,8.14
ORD-1239,2023-12-26 17:56:37,Rotor,Milling,5.88,11.92,3.83,4.45,26.08,2023-12-27 20:01:21.261328,28.81,7.39
ORD-1240,2023-11-17 05:21:43,Component-B,LaserCut,5.25,10.28,3.18,5.09,23.8,2023-11-18 05:09:53.328952,23.9,7.62
ORD-1241,2023-10-20 21:40:02,Rotor,Milling,5.08,9.19,2.01,1.19,17.47,2023-10-21 15:08:27.156961,20.97,8.25
ORD-1242,2023-04-03 17:48:34,Component-A,Milling,2.51,9.23,1.92,5.79,19.45,2023-04-04 13:15:44.406137,18.86,8.05
ORD-1243,2023-02-03 14:27:38,Rotor,Milling,7.5,9.31,3.42,2.33,22.55,2023-02-04 13:00:35.547627,26.84,7.75
ORD-1244,2023-07-21 02:13:01,Housing,LaserCut,2.62,13.24,3.95,4.83,24.64,2023-07-22 02:51:33.458269,24.27,7.54
ORD-1245,2023-06-11 10:56:02,Rotor,CNC,4.74,12.18,2.78,5.93,25.62,2023-06-12 12:33:24.294991,30.04,7.44
ORD-1246,2023-11-10 10:40:32,Gear-Unit,3DPrint,3.89,6.52,2.87,9.16,22.43,2023-11-11 09:06:30.080412,20.83,7.76
ORD-1247,2023-07-15 10:44:28,Component-A,Assembly,8.28,18.71,2.17,5.14,34.3,2023-07-16 21:02:15.834387,37.55,6.57
ORD-1248,2023-06-19 23:47:14,Rotor,CNC,4.24,11.19,2.13,1.97,19.53,2023-06-20 19:18:45.397683,18.23,8.05
ORD-1249,2023-08-28 01:28:21,Rotor,LaserCut,2.55,12.14,1.85,4.47,21.0,2023-08-28 22:28:24.835139,17.89,7.9
ORD-1250,2023-08-24 21:40:55,Component-A,Milling,5.66,15.33,0.01,4.75,25.75,2023-08-25 23:26:07.189552,28.21,7.42
ORD-1251,2023-07-12 17:04:29,Component-A,LaserCut,2.58,18.69,3.63,2.59,27.49,2023-07-13 20:33:51.244325,27.38,7.25
ORD-1252,2023-09-28 17:02:16,Component-B,3DPrint,6.12,12.3,3.81,2.16,24.39,2023-09-29 17:25:30.863896,24.73,7.56
ORD-1253,2023-05-25 17:34:31,Component-A,CNC,2.17,11.56,1.64,2.53,17.9,2023-05-26 11:28:33.683488,20.37,8.21
ORD-1254,2023-08-30 06:36:12,Housing,LaserCut,7.18,14.44,1.36,3.37,26.35,2023-08-31 08:57:04.392042,28.77,7.37
ORD-1255,2023-01-13 17:02:02,Component-A,Milling,5.28,21.28,3.59,4.38,34.53,2023-01-15 03:34:07.377125,33.92,6.55
ORD-1256,2023-01-19 17:40:51,Component-A,CNC,5.27,11.39,4.06,5.91,26.63,2023-01-20 20:18:48.972406,25.06,7.34
ORD-1257,2023-04-02 15:51:59,Housing,LaserCut,2.34,4.66,3.76,1.79,12.55,2023-04-03 04:24:51.678963,8.24,8.75
ORD-1258,2023-08-13 11:34:55,Component-A,Milling,5.78,21.97,2.99,5.68,36.42,2023-08-14 23:59:56.309657,36.58,6.36
ORD-1259,2023-12-26 15:24:52,Component-B,LaserCut,4.8,15.68,2.56,4.53,27.58,2023-12-27 18:59:32.437975,28.22,7.24
ORD-1260,2023-01-08 17:48:10,Component-A,Assembly,3.66,15.97,2.74,2.49,24.86,2023-01-09 18:39:39.010733,25.93,7.51
ORD-1261,2023-09-14 10:14:14,Gear-Unit,CNC,3.2,12.11,2.99,6.17,24.47,2023-09-15 10:42:40.044689,25.42,7.55
ORD-1262,2023-02-21 18:40:03,Rotor,LaserCut,4.95,15.27,5.09,5.12,30.42,2023-02-23 01:05:21.995576,30.44,6.96
ORD-1263,2023-01-02 03:21:47,Rotor,Assembly,2.38,7.74,2.54,2.78,15.44,2023-01-02 18:48:07.441120,15.07,8.46
ORD-1264,2023-02-21 20:42:37,Housing,CNC,5.11,14.12,2.89,4.97,27.1,2023-02-22 23:48:34.573556,27.23,7.29
ORD-1265,2023-05-03 18:38:06,Component-B,CNC,1.05,8.24,2.78,1.58,13.66,2023-05-04 08:17:28.336102,14.86,8.63
ORD-1266,2023-08-02 22:10:18,Component-B,LaserCut,8.06,16.88,2.68,6.98,34.6,2023-08-04 08:46:10.213340,34.9,6.54
ORD-1267,2023-12-10 10:40:10,Component-B,LaserCut,4.33,9.55,2.55,3.22,19.64,2023-12-11 06:18:41.773252,19.98,8.04
ORD-1268,2023-07-09 06:40:19,Rotor,Assembly,5.32,12.01,3.66,6.38,27.37,2023-07-10 10:02:31.114649,29.27,7.26
ORD-1269,2023-09-28 02:08:30,Component-A,Assembly,2.03,1.78,4.4,1.27,9.48,2023-09-28 11:37:26.071177,9.03,9.05
ORD-1270,2023-07-27 19:55:21,Housing,LaserCut,2.66,4.79,3.81,5.52,16.78,2023-07-28 12:42:17.483798,15.63,8.32
ORD-1271,2023-01-16 06:51:57,Housing,3DPrint,0.18,9.82,3.59,1.04,14.63,2023-01-16 21:29:34.162783,14.99,8.54
ORD-1272,2023-11-08 02:47:48,Rotor,LaserCut,4.97,14.32,3.18,2.05,24.52,2023-11-09 03:18:59.204295,26.91,7.55
ORD-1273,2023-11-09 09:16:51,Component-B,3DPrint,4.68,11.89,1.6,3.11,21.29,2023-11-10 06:34:05.122518,19.52,7.87
ORD-1274,2023-02-10 02:13:51,Gear-Unit,CNC,4.65,18.85,0.94,0.77,25.22,2023-02-11 03:26:48.482246,28.16,7.48
ORD-1275,2023-12-31 04:54:01,Component-A,CNC,4.58,9.32,4.56,2.79,21.25,2024-01-01 02:09:14.275514,24.91,7.87
ORD-1276,2023-08-25 05:55:00,Rotor,Assembly,6.36,10.05,6.24,2.79,25.43,2023-08-26 07:20:43.458902,26.91,7.46
ORD-1277,2023-11-02 21:53:46,Component-A,Assembly,5.6,17.21,5.34,4.06,32.21,2023-11-04 06:06:28.571482,30.7,6.78
ORD-1278,2023-06-21 10:22:20,Component-A,Milling,5.92,9.29,6.02,4.27,25.5,2023-06-22 11:52:28.043625,24.77,7.45
ORD-1279,2023-11-26 06:46:51,Component-B,Milling,5.37,6.61,1.54,6.4,19.92,2023-11-27 02:42:18.343962,18.61,8.01
ORD-1280,2023-02-16 11:46:05,Rotor,Milling,2.91,14.15,4.78,5.44,27.27,2023-02-17 15:02:14.306833,29.26,7.27
ORD-1281,2023-12-02 19:42:21,Rotor,LaserCut,3.49,6.31,5.25,3.35,18.41,2023-12-03 14:06:41.908642,17.9,8.16
ORD-1282,2023-10-28 17:18:40,Gear-Unit,3DPrint,7.66,14.22,3.68,8.33,33.9,2023-10-30 03:12:22.520809,32.61,6.61
ORD-1283,2023-07-27 08:33:26,Housing,LaserCut,6.86,12.23,3.4,7.06,29.54,2023-07-28 14:06:02.808897,30.56,7.05
ORD-1284,2023-05-27 04:26:18,Housing,Milling,6.08,16.29,2.45,2.32,27.14,2023-05-28 07:34:44.783082,25.05,7.29
ORD-1285,2023-02-13 19:42:18,Rotor,LaserCut,1.07,20.22,1.35,3.56,26.19,2023-02-14 21:53:59.263963,25.64,7.38
ORD-1286,2023-06-04 04:31:19,Component-A,LaserCut,5.61,15.26,4.29,2.83,28.0,2023-06-05 08:31:27.343364,27.67,7.2
ORD-1287,2023-01-23 17:05:57,Housing,Assembly,5.57,11.01,5.41,4.98,26.96,2023-01-24 20:03:45.109189,28.43,7.3
ORD-1288,2023-06-22 15:07:09,Component-B,3DPrint,6.33,16.69,3.27,1.41,27.7,2023-06-23 18:49:00.095074,28.5,7.23
ORD-1289,2023-01-01 00:51:18,Rotor,Assembly,3.7,9.89,3.88,6.48,23.94,2023-01-02 00:47:38.153963,23.98,7.61
ORD-1290,2023-11-07 18:39:30,Rotor,Milling,5.62,18.81,3.36,9.2,36.99,2023-11-09 07:38:57.678485,38.12,6.3
ORD-1291,2023-09-24 12:15:13,Housing,Milling,1.48,15.01,3.57,6.58,26.64,2023-09-25 14:53:48.102586,27.99,7.34
ORD-1292,2023-01-09 01:50:05,Component-A,Assembly,4.72,7.1,2.69,2.3,16.81,2023-01-09 18:38:45.749453,15.65,8.32
ORD-1293,2023-11-05 12:45:10,Housing,LaserCut,6.18,18.68,3.59,1.61,30.06,2023-11-06 18:48:35.257589,30.95,6.99
ORD-1294,2023-08-14 15:08:43,Housing,LaserCut,7.39,9.56,2.8,4.03,23.78,2023-08-15 14:55:39.935184,22.21,7.62
ORD-1295,2023-05-25 13:41:16,Housing,LaserCut,6.3,11.52,3.63,2.23,23.67,2023-05-26 13:21:17.497301,22.79,7.63
ORD-1296,2023-11-19 10:29:24,Component-B,CNC,6.44,10.51,5.59,3.2,25.74,2023-11-20 12:14:04.572646,26.19,7.43
ORD-1297,2023-01-21 17:56:55,Gear-Unit,3DPrint,6.87,6.33,0.36,0.95,14.5,2023-01-22 08:26:52.094386,17.02,8.55
ORD-1298,2023-04-04 21:35:11,Gear-Unit,CNC,3.9,22.23,2.15,4.37,32.65,2023-04-06 06:14:17.523413,35.74,6.73
ORD-1299,2023-09-09 19:41:35,Gear-Unit,CNC,9.01,20.25,4.81,6.05,40.12,2023-09-11 11:48:42.948129,41.3,5.99
ORD-1300,2023-01-11 05:56:53,Housing,Milling,6.56,9.8,1.77,3.99,22.12,2023-01-12 04:03:57.555369,21.78,7.79
ORD-1301,2023-12-12 10:11:20,Component-A,CNC,4.09,14.79,4.43,4.18,27.49,2023-12-13 13:40:39.914996,30.44,7.25
ORD-1302,2023-06-12 00:48:54,Rotor,LaserCut,2.72,11.23,1.92,0.27,16.13,2023-06-12 16:56:55.237990,15.97,8.39
ORD-1303,2023-09-17 01:26:48,Rotor,3DPrint,4.76,18.05,3.95,1.95,28.71,2023-09-18 06:09:17.332204,32.42,7.13
ORD-1304,2023-10-08 17:27:12,Rotor,Milling,7.44,14.33,2.66,2.08,26.51,2023-10-09 19:57:54.672900,25.77,7.35
ORD-1305,2023-02-27 19:10:18,Housing,LaserCut,7.18,19.54,5.31,3.02,35.05,2023-03-01 06:13:28.832083,32.81,6.49
ORD-1306,2023-01-02 12:23:06,Component-B,3DPrint,5.28,4.93,3.48,3.7,17.4,2023-01-03 05:46:57.221149,16.47,8.26
ORD-1307,2023-01-31 23:33:58,Housing,Assembly,1.81,14.05,2.2,1.66,19.73,2023-02-01 19:17:31.993699,13.98,8.03
ORD-1308,2023-05-16 17:08:19,Housing,CNC,4.94,19.09,5.49,3.09,32.61,2023-05-18 01:45:01.022387,31.41,6.74
ORD-1309,2023-07-29 08:37:19,Component-A,Assembly,5.94,8.01,3.45,5.53,22.93,2023-07-30 07:33:02.878583,25.38,7.71
ORD-1310,2023-10-13 16:32:26,Component-B,CNC,4.8,11.19,1.68,2.35,20.01,2023-10-14 12:33:17.344129,19.56,8.0
ORD-1311,2023-07-30 06:17:38,Component-B,Milling,5.73,15.65,1.8,6.99,30.17,2023-07-31 12:27:48.841630,29.63,6.98
ORD-1312,2023-06-08 14:09:25,Component-B,CNC,4.96,9.01,0.64,5.77,20.37,2023-06-09 10:31:47.331560,21.85,7.96
ORD-1313,2023-03-31 19:54:31,Component-A,Milling,4.44,12.27,3.77,0.87,21.35,2023-04-01 17:15:45.849523,20.3,7.86
ORD-1314,2023-09-08 01:09:05,Rotor,LaserCut,6.59,6.98,3.44,1.29,18.3,2023-09-08 19:26:59.761840,19.23,8.17
ORD-1315,2023-12-05 16:55:04,Component-A,3DPrint,4.93,5.54,4.75,2.53,17.75,2023-12-06 10:39:50.016340,16.13,8.23
ORD-1316,2023-08-27 01:49:55,Rotor,Milling,5.4,16.59,1.48,4.12,27.6,2023-08-28 05:25:38.133148,28.45,7.24
ORD-1317,2023-11-06 01:09:40,Gear-Unit,3DPrint,6.39,12.71,2.45,2.34,23.89,2023-11-07 01:02:50.518849,24.06,7.61
ORD-1318,2023-03-23 09:44:03,Component-B,Assembly,2.86,0.31,3.65,5.81,12.63,2023-03-23 22:22:01.905950,7.91,8.74
ORD-1319,2023-08-06 01:55:02,Rotor,CNC,2.98,14.48,6.09,4.04,27.58,2023-08-07 05:30:07.950516,26.13,7.24
ORD-1320,2023-11-26 02:01:55,Housing,Milling,4.63,17.5,2.03,2.4,26.57,2023-11-27 04:35:53.977045,25.6,7.34
ORD-1321,2023-02-15 03:05:31,Component-A,Milling,3.09,12.49,5.44,4.65,25.67,2023-02-16 04:45:32.921013,25.16,7.43
ORD-1322,2023-02-02 17:54:08,Rotor,Milling,4.42,5.75,4.32,3.84,18.33,2023-02-03 12:14:05.376197,17.97,8.17
ORD-1323,2023-02-10 17:51:03,Housing,LaserCut,11.39,13.2,1.87,3.15,29.6,2023-02-11 23:27:05.970006,31.9,7.04
ORD-1324,2023-02-21 15:37:08,Housing,CNC,5.23,6.25,4.38,2.66,18.52,2023-02-22 10:08:05.542899,22.26,8.15
ORD-1325,2023-09-01 00:16:13,Housing,Milling,7.16,10.21,4.92,4.14,26.43,2023-09-02 02:41:53.958805,28.13,7.36
ORD-1326,2023-05-22 07:29:39,Component-B,Milling,5.97,8.61,2.03,6.06,22.68,2023-05-23 06:10:22.089245,22.01,7.73
ORD-1327,2023-04-05 04:35:02,Rotor,LaserCut,4.19,8.18,3.64,8.13,24.13,2023-04-06 04:42:59.580295,22.0,7.59
ORD-1328,2023-07-20 10:50:12,Housing,Milling,5.05,17.65,2.88,4.9,30.48,2023-07-21 17:19:09.369506,28.36,6.95
ORD-1329,2023-12-12 09:47:22,Component-A,3DPrint,5.86,11.25,4.48,6.37,27.96,2023-12-13 13:45:03.055232,33.14,7.2
ORD-1330,2023-09-23 07:54:12,Rotor,Milling,6.16,13.3,3.29,3.29,26.05,2023-09-24 09:57:03.703726,26.72,7.4
ORD-1331,2023-07-07 23:05:32,Component-B,Milling,4.41,12.67,4.98,1.99,24.05,2023-07-08 23:08:18.868128,26.33,7.6
ORD-1332,2023-10-08 01:27:06,Component-A,LaserCut,7.63,11.53,0.18,2.78,22.13,2023-10-08 23:34:50.739844,24.72,7.79
ORD-1333,2023-08-11 02:36:55,Component-B,LaserCut,4.95,8.0,2.24,5.68,20.88,2023-08-11 23:29:47.077423,21.97,7.91
ORD-1334,2023-09-18 09:20:00,Gear-Unit,CNC,4.52,10.53,2.41,2.16,19.62,2023-09-19 04:57:20.570023,22.85,8.04
ORD-1335,2023-07-12 05:55:21,Component-A,Assembly,4.36,16.87,5.28,6.0,32.5,2023-07-13 14:25:30.320469,31.64,6.75
ORD-1336,2023-06-30 18:55:35,Component-B,CNC,5.81,11.9,1.64,4.65,24.0,2023-07-01 18:55:48.836699,21.65,7.6
ORD-1337,2023-10-11 13:13:03,Housing,Milling,7.38,10.14,3.3,4.57,25.39,2023-10-12 14:36:09.737333,24.87,7.46
ORD-1338,2023-10-17 16:04:28,Component-B,CNC,6.17,10.1,4.31,1.31,21.89,2023-10-18 13:57:47.534424,22.14,7.81
ORD-1339,2023-01-12 18:31:48,Component-A,Assembly,8.88,8.0,1.98,5.03,23.89,2023-01-13 18:25:03.831396,24.25,7.61
ORD-1340,2023-10-03 03:11:25,Housing,3DPrint,5.7,13.96,3.95,6.22,29.83,2023-10-04 09:01:11.166181,30.65,7.02
ORD-1341,2023-08-28 22:23:18,Gear-Unit,Assembly,4.52,14.69,5.85,3.73,28.79,2023-08-30 03:10:50.405659,26.84,7.12
ORD-1342,2023-01-14 14:48:12,Component-A,CNC,7.21,11.52,0.26,5.69,24.69,2023-01-15 15:29:23.343682,23.62,7.53
ORD-1343,2023-08-14 16:40:59,Gear-Unit,CNC,4.82,13.33,3.29,5.42,26.85,2023-08-15 19:32:04.428482,25.98,7.31
ORD-1344,2023-12-06 21:10:15,Housing,Assembly,6.03,10.96,4.11,5.23,26.33,2023-12-07 23:29:52.112071,24.46,7.37
ORD-1345,2023-02-24 15:43:24,Component-B,Assembly,7.17,9.86,4.21,4.73,25.97,2023-02-25 17:41:53.178394,29.65,7.4
ORD-1346,2023-03-12 17:47:33,Housing,LaserCut,4.55,10.6,2.97,3.39,21.52,2023-03-13 15:18:46.122755,23.12,7.85
ORD-1347,2023-09-02 08:12:41,Component-A,Milling,1.77,7.79,1.4,5.9,16.85,2023-09-03 01:03:46.615669,20.27,8.31
ORD-1348,2023-09-17 13:55:06,Rotor,Assembly,4.79,11.32,3.11,6.32,25.54,2023-09-18 15:27:46.738272,23.69,7.45
ORD-1349,2023-06-17 04:12:14,Rotor,3DPrint,5.48,15.9,3.75,4.38,29.51,2023-06-18 09:42:43.998702,31.51,7.05
ORD-1350,2023-01-21 00:22:03,Housing,CNC,0.41,14.71,2.02,0.34,17.48,2023-01-21 17:50:35.111565,18.5,8.25
ORD-1351,2023-05-08 22:38:51,Gear-Unit,Milling,7.75,11.45,4.43,7.22,30.85,2023-05-10 05:29:56.008927,33.48,6.91
ORD-1352,2023-01-22 21:44:04,Rotor,Assembly,8.28,14.97,3.11,0.8,27.16,2023-01-24 00:53:31.568287,26.67,7.28
ORD-1353,2023-04-25 16:16:38,Gear-Unit,3DPrint,3.31,20.68,2.74,4.25,30.98,2023-04-26 23:15:25.490867,32.08,6.9
ORD-1354,2023-12-11 00:41:19,Rotor,Assembly,5.09,18.78,2.07,4.39,30.32,2023-12-12 07:00:40.539720,28.84,6.97
ORD-1355,2023-01-09 21:03:36,Component-A,Milling,2.36,9.55,2.94,3.14,18.0,2023-01-10 15:03:31.388290,16.61,8.2
ORD-1356,2023-09-24 01:54:46,Housing,LaserCut,2.19,11.67,0.74,5.52,20.12,2023-09-24 22:01:50.706935,20.28,7.99
ORD-1357,2023-09-27 16:45:21,Component-B,LaserCut,2.08,10.76,1.87,4.64,19.36,2023-09-28 12:06:50.430379,22.04,8.06
ORD-1358,2023-10-08 07:20:17,Component-A,3DPrint,1.25,12.46,2.76,5.34,21.81,2023-10-09 05:09:01.065213,22.24,7.82
ORD-1359,2023-03-12 23:18:24,Component-A,3DPrint,3.5,10.72,1.81,6.15,22.18,2023-03-13 21:29:04.155909,22.22,7.78
ORD-1360,2023-03-09 12:01:13,Component-A,Milling,8.8,11.76,1.94,0.97,23.47,2023-03-10 11:29:23.917050,19.86,7.65
ORD-1361,2023-09-29 12:26:54,Housing,Assembly,1.83,13.07,3.76,0.84,19.5,2023-09-30 07:56:57.387056,21.29,8.05
ORD-1362,2023-01-03 06:16:11,Housing,CNC,4.03,12.59,5.42,5.79,27.83,2023-01-04 10:06:10.014267,27.3,7.22
ORD-1363,2023-01-20 23:04:45,Component-A,Assembly,3.22,3.39,1.92,3.58,12.11,2023-01-21 11:11:18.708554,10.14,8.79
ORD-1364,2023-09-20 11:31:37,Gear-Unit,Assembly,4.74,12.31,2.66,2.7,22.41,2023-09-21 09:56:04.376068,22.74,7.76
ORD-1365,2023-03-11 20:02:06,Component-A,Milling,5.88,7.64,5.12,3.8,22.44,2023-03-12 18:28:35.426260,22.48,7.76
ORD-1366,2023-11-08 18:15:18,Housing,Assembly,6.42,12.93,4.43,4.57,28.35,2023-11-09 22:36:29.687950,27.13,7.16
ORD-1367,2023-09-25 01:28:40,Housing,CNC,5.72,7.43,3.16,3.93,20.24,2023-09-25 21:43:20.134475,19.83,7.98
ORD-1368,2023-02-08 22:55:08,Gear-Unit,Assembly,4.74,4.47,2.18,4.19,15.58,2023-02-09 14:29:49.272449,15.9,8.44
ORD-1369,2023-06-01 16:47:41,Housing,LaserCut,2.94,17.06,1.7,5.94,27.65,2023-06-02 20:26:30.679557,28.5,7.24
ORD-1370,2023-08-10 19:41:38,Gear-Unit,Milling,3.71,19.1,1.21,5.84,29.86,2023-08-12 01:33:01.911381,31.86,7.01
ORD-1371,2023-07-29 21:02:17,Gear-Unit,Milling,3.66,17.57,2.62,4.58,28.43,2023-07-31 01:28:08.377768,28.95,7.16
ORD-1372,2023-07-25 22:54:55,Rotor,Milling,4.73,15.24,4.19,0.5,24.67,2023-07-26 23:34:59.025079,27.28,7.53
ORD-1373,2023-06-13 03:29:43,Gear-Unit,LaserCut,1.68,16.13,4.69,1.82,24.31,2023-06-14 03:48:30.972470,23.49,7.57
ORD-1374,2023-07-10 14:22:29,Component-A,3DPrint,2.79,11.14,2.54,5.56,22.03,2023-07-11 12:24:03.234248,24.65,7.8
ORD-1375,2023-04-22 13:55:51,Housing,LaserCut,7.79,9.75,2.69,0.63,20.86,2023-04-23 10:47:34.150753,19.25,7.91
ORD-1376,2023-04-03 17:50:28,Gear-Unit,Milling,6.93,18.46,1.15,2.82,29.36,2023-04-04 23:11:48.097843,29.3,7.06
ORD-1377,2023-11-07 01:27:33,Component-A,3DPrint,5.56,8.76,3.64,3.05,21.01,2023-11-07 22:28:10.155998,20.98,7.9
ORD-1378,2023-07-09 22:49:26,Housing,LaserCut,6.09,12.03,2.35,3.78,24.24,2023-07-10 23:04:06.052874,24.07,7.58
ORD-1379,2023-06-11 18:27:20,Rotor,Assembly,4.26,10.96,5.4,5.12,25.74,2023-06-12 20:12:00.572028,25.15,7.43
ORD-1380,2023-12-06 12:22:52,Gear-Unit,CNC,6.39,10.66,4.76,4.74,26.56,2023-12-07 14:56:19.367887,26.34,7.34
ORD-1381,2023-08-30 16:59:01,Gear-Unit,CNC,5.9,5.72,1.31,1.61,14.53,2023-08-31 07:31:03.140898,14.82,8.55
ORD-1382,2023-03-21 16:48:08,Gear-Unit,LaserCut,8.47,20.93,3.96,5.0,38.35,2023-03-23 07:09:04.386269,34.75,6.17
ORD-1383,2023-10-19 03:21:48,Component-A,3DPrint,3.91,8.85,2.07,3.66,18.5,2023-10-19 21:51:33.450090,17.55,8.15
ORD-1384,2023-10-15 11:22:49,Rotor,LaserCut,1.04,14.99,1.39,4.48,21.9,2023-10-16 09:16:57.714136,26.05,7.81
ORD-1385,2023-12-13 07:46:21,Component-B,3DPrint,3.16,1.88,2.57,6.2,13.81,2023-12-13 21:35:07.777187,17.73,8.62
ORD-1386,2023-02-17 23:30:27,Component-A,Milling,2.54,13.99,2.3,3.79,22.62,2023-02-18 22:07:31.207117,27.91,7.74
ORD-1387,2023-03-22 23:03:16,Component-A,CNC,1.99,13.01,3.7,6.17,24.88,2023-03-23 23:56:11.669428,25.08,7.51
ORD-1388,2023-11-26 04:03:56,Housing,Milling,5.62,10.43,3.4,3.31,22.77,2023-11-27 02:49:56.525613,24.01,7.72
ORD-1389,2023-04-12 11:13:30,Rotor,LaserCut,4.26,13.51,2.96,6.25,26.98,2023-04-13 14:12:08.593864,26.87,7.3
ORD-1390,2023-12-25 00:11:55,Gear-Unit,3DPrint,1.45,17.05,1.64,2.69,22.84,2023-12-25 23:02:02.763776,21.64,7.72
ORD-1391,2023-06-11 17:50:49,Component-B,CNC,7.75,3.46,7.71,6.11,25.02,2023-06-12 18:52:18.696697,25.47,7.5
ORD-1392,2023-12-10 13:56:19,Component-B,3DPrint,4.89,13.14,3.78,5.29,27.1,2023-12-11 17:02:35.355206,28.22,7.29
ORD-1393,2023-11-04 22:39:15,Component-B,LaserCut,5.18,11.21,2.77,3.61,22.77,2023-11-05 21:25:38.092302,25.04,7.72
ORD-1394,2023-11-10 03:46:21,Component-B,LaserCut,6.19,0.24,3.98,4.39,14.8,2023-11-10 18:34:16.976856,14.76,8.52
ORD-1395,2023-09-12 12:59:42,Gear-Unit,Assembly,4.22,16.5,4.42,2.45,27.59,2023-09-13 16:35:23.813993,28.41,7.24
ORD-1396,2023-07-02 03:50:43,Component-A,Milling,3.06,6.48,2.06,5.72,17.32,2023-07-02 21:10:05.529927,19.23,8.27
ORD-1397,2023-06-22 09:57:26,Rotor,CNC,6.03,14.9,3.77,2.72,27.42,2023-06-23 13:22:30.289620,28.28,7.26
ORD-1398,2023-05-18 00:41:20,Gear-Unit,LaserCut,6.6,15.02,4.78,5.42,31.82,2023-05-19 08:30:24.663637,32.52,6.82
ORD-1399,2023-04-15 05:48:15,Component-A,CNC,7.14,11.89,1.68,3.67,24.39,2023-04-16 06:11:21.970326,22.9,7.56
ORD-1400,2023-01-17 11:12:52,Gear-Unit,Milling,3.65,11.42,1.81,3.38,20.27,2023-01-18 07:28:53.256975,16.48,7.97
ORD-1401,2023-09-16 19:19:54,Housing,CNC,5.43,12.0,1.77,5.32,24.52,2023-09-17 19:51:21.363743,26.4,7.55
ORD-1402,2023-06-26 02:56:32,Gear-Unit,LaserCut,1.78,8.95,1.85,2.12,14.7,2023-06-26 17:38:33.661148,16.36,8.53
ORD-1403,2023-03-24 02:30:34,Gear-Unit,LaserCut,4.61,10.94,0.01,5.27,20.83,2023-03-24 23:20:25.304671,18.35,7.92
ORD-1404,2023-02-03 23:18:24,Gear-Unit,LaserCut,5.12,13.11,5.04,1.38,24.65,2023-02-04 23:57:33.792388,18.61,7.53
ORD-1405,2023-03-21 20:45:33,Rotor,LaserCut,5.37,19.2,4.86,4.42,33.85,2023-03-23 06:36:23.935832,32.86,6.62
ORD-1406,2023-02-22 12:23:20,Rotor,3DPrint,6.61,8.11,3.71,5.01,23.45,2023-02-23 11:50:03.934521,25.57,7.66
ORD-1407,2023-12-02 02:57:39,Component-B,Milling,10.52,13.57,2.24,3.95,30.27,2023-12-03 09:14:06.803581,26.74,6.97
ORD-1408,2023-09-20 01:18:46,Rotor,3DPrint,3.61,10.36,2.21,4.3,20.49,2023-09-20 21:48:17.276077,18.85,7.95
ORD-1409,2023-11-07 08:54:41,Rotor,3DPrint,7.24,12.0,2.99,3.34,25.57,2023-11-08 10:29:04.338847,25.88,7.44
ORD-1410,2023-12-24 07:09:20,Component-A,3DPrint,6.65,8.53,2.01,3.39,20.59,2023-12-25 03:44:33.375951,17.9,7.94
ORD-1411,2023-05-17 14:34:24,Housing,Milling,3.36,10.1,4.31,4.53,22.29,2023-05-18 12:51:59.905976,22.68,7.77
ORD-1412,2023-01-04 02:25:12,Housing,3DPrint,6.7,11.45,3.59,3.79,25.53,2023-01-05 03:57:05.625143,26.06,7.45
ORD-1413,2023-07-17 12:06:07,Housing,LaserCut,3.83,2.24,2.8,6.85,15.72,2023-07-18 03:49:30.849690,17.58,8.43
ORD-1414,2023-11-24 11:17:03,Gear-Unit,CNC,6.93,16.94,3.13,4.39,31.4,2023-11-25 18:41:13.568368,30.17,6.86
ORD-1415,2023-05-16 03:23:06,Component-A,Milling,4.37,14.46,4.81,3.72,27.36,2023-05-17 06:44:34.342769,26.46,7.26
ORD-1416,2023-04-10 21:50:09,Component-B,3DPrint,5.0,14.4,0.83,0.59,20.83,2023-04-11 18:40:05.865344,19.73,7.92
ORD-1417,2023-06-20 13:37:20,Rotor,Assembly,2.56,9.97,2.78,3.09,18.4,2023-06-21 08:01:12.249421,21.3,8.16
ORD-1418,2023-07-09 14:07:40,Component-A,LaserCut,5.65,13.2,3.93,1.72,24.51,2023-07-10 14:38:19.713213,26.59,7.55
ORD-1419,2023-07-04 13:10:29,Gear-Unit,Milling,4.85,14.68,1.39,0.89,21.82,2023-07-05 10:59:23.325851,23.45,7.82
ORD-1420,2023-11-24 16:16:22,Rotor,Milling,5.75,8.39,1.7,6.25,22.09,2023-11-25 14:21:49.556014,19.71,7.79
ORD-1421,2023-10-25 03:53:47,Component-B,3DPrint,8.29,8.4,3.96,3.34,23.98,2023-10-26 03:52:46.570057,25.19,7.6
ORD-1422,2023-09-26 19:22:40,Component-B,Assembly,3.91,11.35,3.06,2.0,20.32,2023-09-27 15:41:43.375203,21.8,7.97
ORD-1423,2023-09-09 17:56:48,Housing,LaserCut,3.97,11.09,1.51,1.12,17.69,2023-09-10 11:38:20.339261,17.31,8.23
ORD-1424,2023-01-02 05:35:28,Housing,Assembly,9.83,15.14,2.97,3.47,31.41,2023-01-03 13:00:00.312760,31.45,6.86
ORD-1425,2023-09-25 15:39:22,Component-B,Assembly,6.09,7.28,4.67,5.43,23.47,2023-09-26 15:07:45.635711,24.91,7.65
ORD-1426,2023-05-05 07:49:38,Housing,LaserCut,5.88,12.08,4.01,5.18,27.15,2023-05-06 10:58:32.017627,26.44,7.29
ORD-1427,2023-04-01 19:58:11,Gear-Unit,CNC,3.85,12.41,5.32,1.52,23.11,2023-04-02 19:04:30.935760,20.17,7.69
ORD-1428,2023-01-19 05:48:29,Rotor,CNC,5.33,12.2,3.26,4.49,25.28,2023-01-20 07:05:20.568976,24.83,7.47
ORD-1429,2023-03-04 20:01:20,Housing,Milling,7.98,5.6,1.76,3.79,19.13,2023-03-05 15:08:56.681261,15.84,8.09
ORD-1430,2023-06-27 04:28:32,Housing,3DPrint,4.65,18.65,3.03,4.46,30.79,2023-06-28 11:15:44.852233,28.27,6.92
ORD-1431,2023-04-08 02:13:32,Rotor,Assembly,3.77,10.5,2.52,6.56,23.35,2023-04-09 01:34:43.543787,24.47,7.66
ORD-1432,2023-03-12 02:50:58,Gear-Unit,CNC,2.78,12.99,3.75,6.28,25.79,2023-03-13 04:38:24.642039,28.95,7.42
ORD-1433,2023-08-23 07:00:03,Component-A,CNC,2.97,8.76,1.11,3.53,16.37,2023-08-23 23:22:22.110234,17.3,8.36
ORD-1434,2023-11-11 23:30:13,Component-A,Assembly,6.97,11.7,2.52,4.3,25.49,2023-11-13 00:59:53.594698,23.82,7.45
ORD-1435,2023-01-24 00:26:03,Rotor,3DPrint,9.18,5.57,3.28,8.05,26.07,2023-01-25 02:30:24.923910,26.09,7.39
ORD-1436,2023-01-06 18:32:56,Gear-Unit,CNC,4.62,10.57,2.73,6.75,24.67,2023-01-07 19:12:50.898796,20.24,7.53
ORD-1437,2023-11-22 03:03:16,Housing,CNC,8.07,6.3,2.6,3.14,20.11,2023-11-22 23:10:01.257250,21.29,7.99
ORD-1438,2023-07-10 00:11:41,Component-B,Milling,1.8,13.85,6.04,1.27,22.96,2023-07-10 23:09:26.210191,23.34,7.7
ORD-1439,2023-07-10 03:36:16,Component-B,3DPrint,3.68,13.7,3.03,2.72,23.13,2023-07-11 02:43:47.196342,24.1,7.69
ORD-1440,2023-04-28 23:31:50,Housing,Milling,8.61,11.24,4.08,1.41,25.34,2023-04-30 00:52:07.419381,23.43,7.47
ORD-1441,2023-06-17 12:57:24,Component-B,Assembly,5.94,17.94,3.53,3.37,30.79,2023-06-18 19:44:42.890275,30.79,6.92
ORD-1442,2023-07-08 12:36:43,Component-B,CNC,2.5,14.42,4.32,3.1,24.34,2023-07-09 12:56:54.633155,23.4,7.57
ORD-1443,2023-08-28 15:52:53,Housing,LaserCut,5.53,10.25,2.9,8.2,26.89,2023-08-29 18:45:59.439818,26.39,7.31
ORD-1444,2023-09-07 08:53:55,Component-B,LaserCut,4.28,9.41,4.12,3.64,21.45,2023-09-08 06:20:44.171503,20.15,7.86
ORD-1445,2023-07-04 18:27:15,Rotor,Milling,7.64,17.68,2.1,0.27,27.69,2023-07-05 22:08:29.297393,29.7,7.23
ORD-1446,2023-11-26 01:39:32,Gear-Unit,Assembly,3.63,15.16,0.04,5.79,24.62,2023-11-27 02:16:55.814103,22.2,7.54
ORD-1447,2023-03-16 12:40:35,Rotor,LaserCut,6.46,12.06,1.57,3.19,23.27,2023-03-17 11:57:00.099516,24.65,7.67
ORD-1448,2023-04-11 17:12:40,Component-A,CNC,5.21,14.34,5.96,0.87,26.39,2023-04-12 19:35:48.226533,29.62,7.36
ORD-1449,2023-09-25 17:57:48,Gear-Unit,Assembly,5.21,8.4,1.0,3.62,18.24,2023-09-26 12:12:11.512062,20.08,8.18
ORD-1450,2023-06-01 04:38:42,Gear-Unit,3DPrint,4.74,18.04,0.82,3.98,27.59,2023-06-02 08:14:00.888178,25.08,7.24
ORD-1451,2023-11-11 04:48:42,Component-A,LaserCut,5.73,15.55,2.37,1.21,24.85,2023-11-12 05:39:49.554054,25.25,7.51
ORD-1452,2023-08-15 07:21:25,Housing,LaserCut,5.87,13.62,4.85,1.86,26.2,2023-08-16 09:33:32.999386,27.56,7.38
ORD-1453,2023-04-16 15:41:00,Rotor,LaserCut,7.39,4.89,3.48,2.99,18.74,2023-04-17 10:25:30.417957,18.58,8.13
ORD-1454,2023-01-19 13:20:44,Component-A,CNC,5.7,10.05,1.99,4.07,21.8,2023-01-20 11:08:48.253137,19.63,7.82
ORD-1455,2023-10-25 22:42:55,Component-B,LaserCut,2.83,14.72,1.28,5.33,24.16,2023-10-26 22:52:13.996563,25.08,7.58
ORD-1456,2023-03-05 21:09:31,Rotor,Assembly,1.55,9.29,4.79,2.04,17.67,2023-03-06 14:49:32.059511,16.74,8.23
ORD-1457,2023-02-12 14:30:00,Component-B,Milling,5.92,15.13,2.62,2.8,26.49,2023-02-13 16:59:07.278379,29.33,7.35
ORD-1458,2023-01-12 07:57:50,Component-B,LaserCut,8.48,15.92,3.13,2.38,29.9,2023-01-13 13:52:06.838285,28.24,7.01
ORD-1459,2023-10-20 19:54:04,Component-A,Assembly,6.05,13.67,5.1,5.3,30.12,2023-10-22 02:01:22.909007,27.12,6.99
ORD-1460,2023-02-08 05:01:25,Housing,Assembly,7.1,8.01,2.42,4.5,22.04,2023-02-09 03:03:34.946431,26.03,7.8
ORD-1461,2023-03-25 10:46:10,Gear-Unit,CNC,11.22,14.43,2.73,5.07,33.44,2023-03-26 20:12:37.404583,35.22,6.66
ORD-1462,2023-07-18 17:33:25,Component-B,LaserCut,4.36,19.18,3.35,5.0,31.88,2023-07-20 01:26:13.368962,33.21,6.81
ORD-1463,2023-09-02 00:44:21,Component-B,CNC,5.84,15.36,2.07,2.88,26.16,2023-09-03 02:53:44.226967,23.96,7.38
ORD-1464,2023-11-12 15:57:36,Component-A,3DPrint,5.88,15.12,3.69,7.35,32.03,2023-11-13 23:59:25.413508,32.02,6.8
ORD-1465,2023-03-25 20:00:21,Housing,Assembly,6.34,7.63,2.42,5.39,21.78,2023-03-26 17:47:12.980765,23.48,7.82
ORD-1466,2023-11-06 00:59:27,Housing,CNC,4.41,11.71,0.72,3.29,20.13,2023-11-06 21:07:32.280272,21.92,7.99
ORD-1467,2023-05-08 18:09:02,Gear-Unit,Milling,6.15,14.0,3.07,4.01,27.24,2023-05-09 21:23:32.695157,25.92,7.28
ORD-1468,2023-11-16 15:31:26,Component-A,CNC,6.4,13.68,3.74,2.95,26.77,2023-11-17 18:17:29.025937,22.46,7.32
ORD-1469,2023-03-16 18:36:25,Component-B,CNC,7.19,10.08,1.71,5.39,24.37,2023-03-17 18:58:43.299198,23.59,7.56
ORD-1470,2023-07-29 03:50:39,Gear-Unit,LaserCut,7.12,14.47,4.03,1.27,26.88,2023-07-30 06:43:31.820864,29.31,7.31
ORD-1471,2023-03-24 11:32:25,Rotor,3DPrint,5.52,10.52,3.22,0.45,19.71,2023-03-25 07:14:53.817067,20.53,8.03
ORD-1472,2023-08-19 08:29:56,Component-A,Assembly,2.94,6.59,0.72,6.23,16.47,2023-08-20 00:58:16.689719,15.21,8.35
ORD-1473,2023-01-14 06:32:35,Gear-Unit,LaserCut,8.07,9.86,0.44,1.77,20.13,2023-01-15 02:40:23.589505,22.6,7.99
ORD-1474,2023-06-12 16:07:52,Rotor,Milling,4.69,9.81,3.24,5.0,22.74,2023-06-13 14:52:11.130169,24.97,7.73
ORD-1475,2023-12-16 18:09:23,Component-A,CNC,7.9,10.56,1.01,3.17,22.64,2023-12-17 16:47:53.919291,23.16,7.74
ORD-1476,2023-09-17 14:06:27,Rotor,Assembly,3.07,8.17,3.52,3.9,18.66,2023-09-18 08:46:11.120186,18.73,8.13
ORD-1477,2023-02-12 06:19:40,Rotor,LaserCut,3.48,11.08,1.61,5.78,21.96,2023-02-13 04:16:59.632887,24.03,7.8
ORD-1478,2023-06-08 09:33:58,Gear-Unit,Milling,1.31,8.28,0.76,2.7,13.04,2023-06-08 22:36:39.060700,12.88,8.7
ORD-1479,2023-09-05 14:59:05,Component-B,CNC,2.1,8.31,1.49,4.41,16.32,2023-09-06 07:18:23.728072,16.46,8.37
ORD-1480,2023-11-27 17:52:35,Rotor,CNC,3.56,12.71,2.18,3.46,21.9,2023-11-28 15:46:36.720924,25.25,7.81
ORD-1481,2023-09-05 15:21:29,Gear-Unit,3DPrint,7.68,6.8,4.24,5.62,24.35,2023-09-06 15:42:28.960010,22.05,7.57
ORD-1482,2023-07-25 04:04:34,Component-B,CNC,6.64,18.15,1.32,2.16,28.27,2023-07-26 08:20:47.656395,30.31,7.17
ORD-1483,2023-12-11 14:57:54,Gear-Unit,3DPrint,5.54,14.21,3.51,4.78,28.04,2023-12-12 19:00:22.217001,25.39,7.2
ORD-1484,2023-03-30 22:24:59,Component-B,Milling,7.09,16.68,2.66,3.91,30.34,2023-04-01 04:45:30.039322,27.28,6.97
ORD-1485,2023-06-02 03:52:26,Gear-Unit,LaserCut,6.03,14.29,2.91,6.25,29.47,2023-06-03 09:20:45.774103,28.8,7.05
ORD-1486,2023-09-29 17:04:41,Rotor,3DPrint,6.13,7.92,2.96,3.65,20.67,2023-09-30 13:44:40.463918,21.12,7.93
ORD-1487,2023-01-03 13:50:33,Component-B,CNC,4.26,11.47,4.24,3.13,23.1,2023-01-04 12:56:35.152952,19.89,7.69
ORD-1488,2023-02-20 23:51:05,Component-B,Assembly,8.5,17.53,1.06,5.38,32.47,2023-02-22 08:19:02.620488,31.46,6.75
ORD-1489,2023-11-05 01:05:07,Component-A,3DPrint,5.53,13.18,2.65,2.43,23.78,2023-11-06 00:52:12.020494,22.4,7.62
ORD-1490,2023-10-18 08:21:17,Housing,LaserCut,3.17,8.67,2.9,2.57,17.31,2023-10-19 01:39:45.943722,18.67,8.27
ORD-1491,2023-04-16 09:28:35,Housing,CNC,7.97,9.68,3.36,5.0,26.01,2023-04-17 11:29:20.922740,26.96,7.4
ORD-1492,2023-11-13 10:38:56,Gear-Unit,CNC,5.15,14.97,3.72,1.52,25.37,2023-11-14 12:01:10.479657,27.11,7.46
ORD-1493,2023-04-09 19:25:21,Housing,Assembly,6.77,8.95,3.06,5.37,24.15,2023-04-10 19:34:03.007188,23.73,7.59
ORD-1494,2023-03-05 21:19:13,Housing,LaserCut,7.15,21.46,1.82,1.24,31.66,2023-03-07 04:58:50.360147,32.27,6.83
ORD-1495,2023-01-24 21:04:27,Rotor,3DPrint,6.44,11.08,5.18,1.32,24.02,2023-01-25 21:05:47.420077,25.41,7.6
ORD-1496,2023-02-08 22:25:43,Component-A,Assembly,3.79,18.88,5.99,2.47,31.12,2023-02-10 05:32:59.499415,30.02,6.89
ORD-1497,2023-07-07 11:20:49,Component-B,Assembly,6.72,10.45,2.93,4.05,24.15,2023-07-08 11:30:00.927480,20.31,7.58
ORD-1498,2023-09-20 16:50:53,Component-A,Assembly,4.97,9.24,2.26,6.89,23.36,2023-09-21 16:12:32.575466,20.85,7.66
ORD-1499,2023-06-17 15:15:41,Component-A,CNC,6.63,10.88,2.58,5.58,25.67,2023-06-18 16:55:58.983890,26.35,7.43
